,Shift Start,Shift End,Hours,DoW,Date
0,2018-11-19 08:00:00,2018-11-19 16:00:00,8.0,Mon,2018-11-19
1,2018-11-20 08:00:00,2018-11-20 16:00:00,8.0,Tue,2018-11-20
2,2018-11-21 08:00:00,2018-11-21 19:00:00,11.0,Wed,2018-11-21
3,2018-11-26 08:00:00,2018-11-26 16:30:00,8.5,Mon,2018-11-26
4,2018-11-27 08:00:00,2018-11-27 17:00:00,9.0,Tue,2018-11-27
5,2018-11-28 08:00:00,2018-11-28 17:00:00,9.0,Wed,2018-11-28
6,2018-11-29 08:00:00,2018-11-29 17:30:00,9.5,Thu,2018-11-29
7,2018-11-30 08:00:00,2018-11-30 17:00:00,9.0,Fri,2018-11-30
8,2018-12-03 08:00:00,2018-12-03 17:00:00,9.0,Mon,2018-12-03
9,2018-12-05 08:00:00,2018-12-05 18:00:00,10.0,Wed,2018-12-05
10,2018-12-06 08:00:00,2018-12-06 17:00:00,9.0,Thu,2018-12-06
11,2018-12-07 08:00:00,2018-12-07 16:30:00,8.5,Fri,2018-12-07
12,2018-12-10 08:00:00,2018-12-10 17:30:00,9.5,Mon,2018-12-10
13,2018-12-11 08:00:00,2018-12-11 17:30:00,9.5,Tue,2018-12-11
14,2018-12-12 08:00:00,2018-12-12 17:00:00,9.0,Wed,2018-12-12
15,2018-12-13 08:00:00,2018-12-13 18:00:00,10.0,Thu,2018-12-13
16,2018-12-14 08:00:00,2018-12-14 16:30:00,8.5,Fri,2018-12-14
17,2018-12-17 08:00:00,2018-12-17 17:00:00,9.0,Mon,2018-12-17
18,2018-12-18 08:00:00,2018-12-18 17:00:00,9.0,Tue,2018-12-18
19,2018-12-19 08:00:00,2018-12-19 18:00:00,10.0,Wed,2018-12-19
20,2018-12-20 08:00:00,2018-12-20 17:00:00,9.0,Thu,2018-12-20
21,2018-12-21 08:00:00,2018-12-21 17:00:00,9.0,Fri,2018-12-21
22,2018-12-24 08:00:00,2018-12-24 16:00:00,8.0,Mon,2018-12-24
23,2018-12-26 08:00:00,2018-12-26 14:30:00,6.5,Wed,2018-12-26
24,2018-12-27 08:00:00,2018-12-27 17:00:00,9.0,Thu,2018-12-27
25,2018-12-28 08:00:00,2018-12-28 16:30:00,8.5,Fri,2018-12-28
26,2019-01-04 08:00:00,2019-01-04 17:00:00,9.0,Fri,2019-01-04
27,2019-01-07 07:30:00,2019-01-07 17:00:00,9.5,Mon,2019-01-07
28,2019-01-08 08:00:00,2019-01-08 14:00:00,6.0,Tue,2019-01-08
29,2019-01-10 08:00:00,2019-01-10 13:00:00,5.0,Thu,2019-01-10
30,2019-01-11 08:00:00,2019-01-11 17:00:00,9.0,Fri,2019-01-11
31,2019-01-14 08:00:00,2019-01-14 16:30:00,8.5,Mon,2019-01-14
32,2019-01-15 07:30:00,2019-01-15 20:00:00,12.5,Tue,2019-01-15
33,2019-01-16 08:00:00,2019-01-16 17:00:00,9.0,Wed,2019-01-16
34,2019-01-17 08:00:00,2019-01-17 17:30:00,9.5,Thu,2019-01-17
35,2019-01-18 08:00:00,2019-01-18 19:00:00,11.0,Fri,2019-01-18
36,2019-01-23 13:00:00,2019-01-23 18:30:00,5.5,Wed,2019-01-23
37,2019-01-24 08:00:00,2019-01-24 18:30:00,10.5,Thu,2019-01-24
38,2019-01-25 08:00:00,2019-01-25 18:00:00,10.0,Fri,2019-01-25
39,2019-01-28 08:00:00,2019-01-28 18:00:00,10.0,Mon,2019-01-28
40,2019-01-29 08:00:00,2019-01-29 18:00:00,10.0,Tue,2019-01-29
41,2019-01-30 08:00:00,2019-01-30 18:00:00,10.0,Wed,2019-01-30
42,2019-01-31 08:00:00,2019-01-31 17:30:00,9.5,Thu,2019-01-31
43,2019-02-01 08:00:00,2019-02-01 17:00:00,9.0,Fri,2019-02-01
44,2019-02-04 08:00:00,2019-02-04 18:00:00,10.0,Mon,2019-02-04
45,2019-02-05 08:00:00,2019-02-05 17:30:00,9.5,Tue,2019-02-05
46,2019-02-06 08:00:00,2019-02-06 17:00:00,9.0,Wed,2019-02-06
47,2019-02-07 07:00:00,2019-02-07 16:30:00,9.5,Thu,2019-02-07
48,2019-02-08 08:00:00,2019-02-08 17:00:00,9.0,Fri,2019-02-08
49,2019-02-11 08:00:00,2019-02-11 18:00:00,10.0,Mon,2019-02-11
50,2019-02-12 08:00:00,2019-02-12 17:30:00,9.5,Tue,2019-02-12
51,2019-02-13 08:00:00,2019-02-13 17:00:00,9.0,Wed,2019-02-13
52,2019-02-14 07:00:00,2019-02-14 17:30:00,10.5,Thu,2019-02-14
53,2019-02-15 08:00:00,2019-02-15 17:30:00,9.5,Fri,2019-02-15
54,2019-02-18 08:00:00,2019-02-18 14:00:00,6.0,Mon,2019-02-18
55,2019-02-19 08:00:00,2019-02-19 16:30:00,8.5,Tue,2019-02-19
56,2019-02-20 08:00:00,2019-02-20 18:00:00,10.0,Wed,2019-02-20
57,2019-02-25 08:00:00,2019-02-25 18:30:00,10.5,Mon,2019-02-25
58,2019-02-26 08:00:00,2019-02-26 17:30:00,9.5,Tue,2019-02-26
59,2019-02-27 08:00:00,2019-02-27 17:00:00,9.0,Wed,2019-02-27
60,2019-02-28 08:00:00,2019-02-28 17:00:00,9.0,Thu,2019-02-28
61,2019-03-01 08:00:00,2019-03-01 17:30:00,9.5,Fri,2019-03-01
62,2019-03-04 08:00:00,2019-03-04 18:00:00,10.0,Mon,2019-03-04
63,2019-03-05 08:00:00,2019-03-05 18:00:00,10.0,Tue,2019-03-05
64,2019-03-06 08:00:00,2019-03-06 19:00:00,11.0,Wed,2019-03-06
65,2019-03-07 08:00:00,2019-03-07 18:00:00,10.0,Thu,2019-03-07
66,2019-03-08 08:00:00,2019-03-08 17:00:00,9.0,Fri,2019-03-08
67,2019-03-11 08:00:00,2019-03-11 17:00:00,9.0,Mon,2019-03-11
68,2019-03-12 08:00:00,2019-03-12 17:00:00,9.0,Tue,2019-03-12
69,2019-03-13 08:00:00,2019-03-13 18:00:00,10.0,Wed,2019-03-13
70,2019-03-14 08:00:00,2019-03-14 16:30:00,8.5,Thu,2019-03-14
71,2019-03-15 08:00:00,2019-03-15 20:00:00,12.0,Fri,2019-03-15
72,2019-03-18 08:00:00,2019-03-18 16:30:00,8.5,Mon,2019-03-18
73,2019-03-19 08:00:00,2019-03-19 17:00:00,9.0,Tue,2019-03-19
74,2019-03-20 08:00:00,2019-03-20 16:00:00,8.0,Wed,2019-03-20
75,2019-03-21 08:00:00,2019-03-21 19:30:00,11.5,Thu,2019-03-21
76,2019-03-22 08:00:00,2019-03-22 15:00:00,7.0,Fri,2019-03-22
77,2019-03-25 08:00:00,2019-03-25 18:00:00,10.0,Mon,2019-03-25
78,2019-03-26 08:00:00,2019-03-26 18:00:00,10.0,Tue,2019-03-26
79,2019-03-27 08:00:00,2019-03-27 17:00:00,9.0,Wed,2019-03-27
80,2019-03-28 08:00:00,2019-03-28 17:30:00,9.5,Thu,2019-03-28
81,2019-03-29 10:00:00,2019-03-29 17:00:00,7.0,Fri,2019-03-29
82,2019-04-01 08:00:00,2019-04-01 18:00:00,10.0,Mon,2019-04-01
83,2019-04-02 08:00:00,2019-04-02 18:00:00,10.0,Tue,2019-04-02
84,2019-04-03 08:00:00,2019-04-03 17:30:00,9.5,Wed,2019-04-03
85,2019-04-05 08:00:00,2019-04-05 18:00:00,10.0,Fri,2019-04-05
86,2019-04-08 08:00:00,2019-04-08 19:00:00,11.0,Mon,2019-04-08
87,2019-04-09 08:00:00,2019-04-09 18:30:00,10.5,Tue,2019-04-09
88,2019-04-10 08:00:00,2019-04-10 17:30:00,9.5,Wed,2019-04-10
89,2019-04-11 08:00:00,2019-04-11 19:00:00,11.0,Thu,2019-04-11
90,2019-04-12 08:00:00,2019-04-12 18:30:00,10.5,Fri,2019-04-12
91,2019-04-15 08:00:00,2019-04-15 18:30:00,10.5,Mon,2019-04-15
92,2019-04-16 08:00:00,2019-04-16 19:00:00,11.0,Tue,2019-04-16
93,2019-04-17 08:00:00,2019-04-17 18:30:00,10.5,Wed,2019-04-17
94,2019-04-18 08:00:00,2019-04-18 18:00:00,10.0,Thu,2019-04-18
95,2019-04-19 07:30:00,2019-04-19 16:30:00,9.0,Fri,2019-04-19
96,2019-04-22 08:00:00,2019-04-22 17:30:00,9.5,Mon,2019-04-22
97,2019-04-23 08:00:00,2019-04-23 17:00:00,9.0,Tue,2019-04-23
98,2019-04-24 08:00:00,2019-04-24 19:00:00,11.0,Wed,2019-04-24
99,2019-04-25 08:00:00,2019-04-25 18:00:00,10.0,Thu,2019-04-25
100,2019-04-26 08:00:00,2019-04-26 16:30:00,8.5,Fri,2019-04-26
101,2019-04-29 08:00:00,2019-04-29 18:00:00,10.0,Mon,2019-04-29
102,2019-04-30 08:00:00,2019-04-30 18:30:00,10.5,Tue,2019-04-30
103,2019-05-01 08:00:00,2019-05-01 18:00:00,10.0,Wed,2019-05-01
104,2019-05-02 08:00:00,2019-05-02 16:30:00,8.5,Thu,2019-05-02
105,2019-05-03 08:00:00,2019-05-03 18:00:00,10.0,Fri,2019-05-03
106,2019-05-06 08:00:00,2019-05-06 16:00:00,8.0,Mon,2019-05-06
107,2019-05-07 08:00:00,2019-05-07 17:30:00,9.5,Tue,2019-05-07
108,2019-05-08 08:00:00,2019-05-08 18:00:00,10.0,Wed,2019-05-08
109,2019-05-09 08:00:00,2019-05-09 17:30:00,9.5,Thu,2019-05-09
110,2019-05-10 08:00:00,2019-05-10 17:30:00,9.5,Fri,2019-05-10
111,2019-05-13 08:00:00,2019-05-13 19:00:00,11.0,Mon,2019-05-13
112,2019-05-14 08:00:00,2019-05-14 18:00:00,10.0,Tue,2019-05-14
113,2019-05-15 08:00:00,2019-05-15 17:30:00,9.5,Wed,2019-05-15
114,2019-05-16 08:00:00,2019-05-16 17:30:00,9.5,Thu,2019-05-16
115,2019-05-17 08:00:00,2019-05-17 16:30:00,8.5,Fri,2019-05-17
116,2019-05-20 08:00:00,2019-05-20 20:30:00,12.5,Mon,2019-05-20
117,2019-05-21 08:00:00,2019-05-21 21:00:00,13.0,Tue,2019-05-21
118,2019-05-22 08:00:00,2019-05-22 18:30:00,10.5,Wed,2019-05-22
119,2019-05-23 08:00:00,2019-05-23 19:30:00,11.5,Thu,2019-05-23
120,2019-05-24 08:00:00,2019-05-24 17:30:00,9.5,Fri,2019-05-24
121,2019-05-27 08:00:00,2019-05-27 18:00:00,10.0,Mon,2019-05-27
122,2019-05-28 08:00:00,2019-05-28 18:00:00,10.0,Tue,2019-05-28
123,2019-05-29 08:00:00,2019-05-29 18:30:00,10.5,Wed,2019-05-29
124,2019-05-30 08:00:00,2019-05-30 18:00:00,10.0,Thu,2019-05-30
125,2019-05-31 08:00:00,2019-05-31 19:00:00,11.0,Fri,2019-05-31
126,2019-06-03 08:00:00,2019-06-03 19:00:00,11.0,Mon,2019-06-03
127,2019-06-04 08:00:00,2019-06-04 18:30:00,10.5,Tue,2019-06-04
128,2019-06-05 08:00:00,2019-06-05 19:00:00,11.0,Wed,2019-06-05
129,2019-06-06 08:00:00,2019-06-06 19:30:00,11.5,Thu,2019-06-06
130,2019-06-07 07:00:00,2019-06-07 21:00:00,14.0,Fri,2019-06-07
131,2019-06-10 08:00:00,2019-06-10 18:00:00,10.0,Mon,2019-06-10
132,2019-06-11 08:00:00,2019-06-11 17:30:00,9.5,Tue,2019-06-11
133,2019-06-12 08:00:00,2019-06-12 18:00:00,10.0,Wed,2019-06-12
134,2019-06-13 08:00:00,2019-06-13 19:30:00,11.5,Thu,2019-06-13
135,2019-06-14 08:00:00,2019-06-14 18:00:00,10.0,Fri,2019-06-14
136,2019-06-15 09:00:00,2019-06-15 13:00:00,4.0,Sat,2019-06-15
137,2019-06-17 08:00:00,2019-06-17 18:30:00,10.5,Mon,2019-06-17
138,2019-06-18 08:00:00,2019-06-18 19:30:00,11.5,Tue,2019-06-18
139,2019-06-19 08:00:00,2019-06-19 19:30:00,11.5,Wed,2019-06-19
140,2019-06-20 08:00:00,2019-06-20 18:30:00,10.5,Thu,2019-06-20
141,2019-06-21 08:00:00,2019-06-21 17:00:00,9.0,Fri,2019-06-21
142,2019-06-24 08:00:00,2019-06-24 17:30:00,9.5,Mon,2019-06-24
143,2019-06-25 08:00:00,2019-06-25 20:30:00,12.5,Tue,2019-06-25
144,2019-06-26 08:00:00,2019-06-26 19:00:00,11.0,Wed,2019-06-26
145,2019-06-27 08:00:00,2019-06-27 20:00:00,12.0,Thu,2019-06-27
146,2019-06-28 08:00:00,2019-06-28 18:00:00,10.0,Fri,2019-06-28
147,2019-07-01 08:00:00,2019-07-01 18:30:00,10.5,Mon,2019-07-01
148,2019-07-02 08:00:00,2019-07-02 20:30:00,12.5,Tue,2019-07-02
149,2019-07-03 08:00:00,2019-07-03 21:00:00,13.0,Wed,2019-07-03
150,2019-07-05 08:00:00,2019-07-05 18:00:00,10.0,Fri,2019-07-05
151,2019-07-08 08:00:00,2019-07-08 18:00:00,10.0,Mon,2019-07-08
152,2019-07-09 08:00:00,2019-07-09 20:00:00,12.0,Tue,2019-07-09
153,2019-07-10 08:00:00,2019-07-10 18:30:00,10.5,Wed,2019-07-10
154,2019-07-11 08:00:00,2019-07-11 17:30:00,9.5,Thu,2019-07-11
155,2019-07-12 08:00:00,2019-07-12 18:30:00,10.5,Fri,2019-07-12
156,2019-07-15 08:00:00,2019-07-15 18:00:00,10.0,Mon,2019-07-15
157,2019-07-16 08:00:00,2019-07-16 19:00:00,11.0,Tue,2019-07-16
158,2019-07-17 08:00:00,2019-07-17 18:30:00,10.5,Wed,2019-07-17
159,2019-07-18 08:00:00,2019-07-18 19:00:00,11.0,Thu,2019-07-18
160,2019-07-19 08:00:00,2019-07-19 18:00:00,10.0,Fri,2019-07-19
161,2019-07-22 08:00:00,2019-07-22 18:30:00,10.5,Mon,2019-07-22
162,2019-07-23 08:00:00,2019-07-23 18:00:00,10.0,Tue,2019-07-23
163,2019-07-24 08:00:00,2019-07-24 19:00:00,11.0,Wed,2019-07-24
164,2019-07-25 08:00:00,2019-07-25 18:30:00,10.5,Thu,2019-07-25
165,2019-07-26 08:00:00,2019-07-26 17:30:00,9.5,Fri,2019-07-26
166,2019-07-29 08:00:00,2019-07-29 18:30:00,10.5,Mon,2019-07-29
167,2019-07-30 08:00:00,2019-07-30 18:00:00,10.0,Tue,2019-07-30
168,2019-07-31 08:00:00,2019-07-31 18:30:00,10.5,Wed,2019-07-31
169,2019-08-01 08:00:00,2019-08-01 18:30:00,10.5,Thu,2019-08-01
170,2019-08-02 08:00:00,2019-08-02 18:00:00,10.0,Fri,2019-08-02
171,2019-08-05 08:00:00,2019-08-05 18:00:00,10.0,Mon,2019-08-05
172,2019-08-06 08:00:00,2019-08-06 18:30:00,10.5,Tue,2019-08-06
173,2019-08-07 07:00:00,2019-08-07 19:00:00,12.0,Wed,2019-08-07
174,2019-08-08 08:00:00,2019-08-08 18:00:00,10.0,Thu,2019-08-08
175,2019-08-09 08:00:00,2019-08-09 19:30:00,11.5,Fri,2019-08-09
176,2019-08-12 08:00:00,2019-08-12 18:30:00,10.5,Mon,2019-08-12
177,2019-08-13 08:00:00,2019-08-13 17:00:00,9.0,Tue,2019-08-13
178,2019-08-14 08:00:00,2019-08-14 19:00:00,11.0,Wed,2019-08-14
179,2019-08-15 08:00:00,2019-08-15 18:00:00,10.0,Thu,2019-08-15
180,2019-08-16 08:00:00,2019-08-16 17:30:00,9.5,Fri,2019-08-16
181,2019-08-19 08:00:00,2019-08-19 18:30:00,10.5,Mon,2019-08-19
182,2019-08-20 08:00:00,2019-08-20 18:00:00,10.0,Tue,2019-08-20
183,2019-08-21 08:00:00,2019-08-21 19:00:00,11.0,Wed,2019-08-21
184,2019-08-22 08:00:00,2019-08-22 19:00:00,11.0,Thu,2019-08-22
185,2019-08-23 08:00:00,2019-08-23 18:00:00,10.0,Fri,2019-08-23
186,2019-08-26 08:00:00,2019-08-26 18:30:00,10.5,Mon,2019-08-26
187,2019-08-27 08:00:00,2019-08-27 19:00:00,11.0,Tue,2019-08-27
188,2019-08-28 08:00:00,2019-08-28 19:30:00,11.5,Wed,2019-08-28
189,2019-08-29 08:00:00,2019-08-29 18:30:00,10.5,Thu,2019-08-29
190,2019-08-30 08:00:00,2019-08-30 19:00:00,11.0,Fri,2019-08-30
191,2019-09-02 08:00:00,2019-09-02 19:00:00,11.0,Mon,2019-09-02
192,2019-09-03 08:00:00,2019-09-03 19:30:00,11.5,Tue,2019-09-03
193,2019-09-04 08:00:00,2019-09-04 18:30:00,10.5,Wed,2019-09-04
194,2019-09-05 08:00:00,2019-09-05 19:00:00,11.0,Thu,2019-09-05
195,2019-09-10 08:00:00,2019-09-10 19:00:00,11.0,Tue,2019-09-10
196,2019-09-11 07:30:00,2019-09-11 17:30:00,10.0,Wed,2019-09-11
197,2019-09-12 08:00:00,2019-09-12 17:00:00,9.0,Thu,2019-09-12
198,2019-09-13 08:00:00,2019-09-13 18:30:00,10.5,Fri,2019-09-13
199,2019-09-16 08:00:00,2019-09-16 19:00:00,11.0,Mon,2019-09-16
200,2019-09-17 08:00:00,2019-09-17 18:30:00,10.5,Tue,2019-09-17
201,2019-09-18 08:00:00,2019-09-18 15:00:00,7.0,Wed,2019-09-18
202,2019-09-19 08:00:00,2019-09-19 20:00:00,12.0,Thu,2019-09-19
203,2019-09-20 08:00:00,2019-09-20 16:30:00,8.5,Fri,2019-09-20
204,2019-09-23 08:00:00,2019-09-23 16:30:00,8.5,Mon,2019-09-23
205,2019-09-24 08:00:00,2019-09-24 17:30:00,9.5,Tue,2019-09-24
206,2019-09-25 08:00:00,2019-09-25 19:30:00,11.5,Wed,2019-09-25
207,2019-09-26 07:30:00,2019-09-26 18:30:00,11.0,Thu,2019-09-26
208,2019-09-27 08:00:00,2019-09-27 17:30:00,9.5,Fri,2019-09-27
209,2019-09-30 08:00:00,2019-09-30 18:00:00,10.0,Mon,2019-09-30
210,2019-10-01 08:00:00,2019-10-01 18:30:00,10.5,Tue,2019-10-01
211,2019-10-02 08:00:00,2019-10-02 16:30:00,8.5,Wed,2019-10-02
212,2019-10-03 08:00:00,2019-10-03 17:00:00,9.0,Thu,2019-10-03
213,2019-10-04 08:00:00,2019-10-04 18:00:00,10.0,Fri,2019-10-04
214,2019-10-07 08:00:00,2019-10-07 17:00:00,9.0,Mon,2019-10-07
215,2019-10-08 08:00:00,2019-10-08 18:00:00,10.0,Tue,2019-10-08
216,2019-10-09 08:00:00,2019-10-09 17:00:00,9.0,Wed,2019-10-09
217,2019-10-10 08:00:00,2019-10-10 18:00:00,10.0,Thu,2019-10-10
218,2019-10-11 08:00:00,2019-10-11 19:30:00,11.5,Fri,2019-10-11
219,2019-10-14 08:00:00,2019-10-14 13:30:00,5.5,Mon,2019-10-14
220,2019-10-15 08:00:00,2019-10-15 17:00:00,9.0,Tue,2019-10-15
221,2019-10-16 08:00:00,2019-10-16 19:00:00,11.0,Wed,2019-10-16
222,2019-10-17 08:00:00,2019-10-17 18:00:00,10.0,Thu,2019-10-17
223,2019-10-18 08:00:00,2019-10-18 17:30:00,9.5,Fri,2019-10-18
224,2019-10-21 08:00:00,2019-10-21 18:00:00,10.0,Mon,2019-10-21
225,2019-10-22 08:00:00,2019-10-22 19:00:00,11.0,Tue,2019-10-22
226,2019-10-23 08:00:00,2019-10-23 19:00:00,11.0,Wed,2019-10-23
227,2019-10-24 08:00:00,2019-10-24 13:00:00,5.0,Thu,2019-10-24
228,2019-10-25 08:00:00,2019-10-25 17:00:00,9.0,Fri,2019-10-25
229,2019-10-28 08:00:00,2019-10-28 18:30:00,10.5,Mon,2019-10-28
230,2019-10-29 08:00:00,2019-10-29 17:30:00,9.5,Tue,2019-10-29
231,2019-10-30 08:30:00,2019-10-30 18:00:00,9.5,Wed,2019-10-30
232,2019-10-31 08:00:00,2019-10-31 18:00:00,10.0,Thu,2019-10-31
233,2019-11-01 08:00:00,2019-11-01 17:30:00,9.5,Fri,2019-11-01
234,2019-11-04 08:00:00,2019-11-04 18:00:00,10.0,Mon,2019-11-04
235,2019-11-05 08:00:00,2019-11-05 17:30:00,9.5,Tue,2019-11-05
236,2019-11-07 08:00:00,2019-11-07 17:30:00,9.5,Thu,2019-11-07
237,2019-11-08 08:00:00,2019-11-08 18:00:00,10.0,Fri,2019-11-08
238,2019-11-11 08:00:00,2019-11-11 19:00:00,11.0,Mon,2019-11-11
239,2019-11-12 08:00:00,2019-11-12 17:00:00,9.0,Tue,2019-11-12
240,2019-11-13 08:00:00,2019-11-13 17:00:00,9.0,Wed,2019-11-13
241,2019-11-14 08:00:00,2019-11-14 16:30:00,8.5,Thu,2019-11-14
242,2019-11-15 08:00:00,2019-11-15 17:00:00,9.0,Fri,2019-11-15
243,2019-11-18 08:00:00,2019-11-18 17:30:00,9.5,Mon,2019-11-18
244,2019-11-19 08:00:00,2019-11-19 13:30:00,5.5,Tue,2019-11-19
245,2019-11-20 08:00:00,2019-11-20 17:00:00,9.0,Wed,2019-11-20
246,2019-11-21 08:00:00,2019-11-21 13:30:00,5.5,Thu,2019-11-21
247,2019-11-22 08:00:00,2019-11-22 17:30:00,9.5,Fri,2019-11-22
248,2019-11-25 08:00:00,2019-11-25 17:00:00,9.0,Mon,2019-11-25
249,2019-11-26 08:00:00,2019-11-26 17:30:00,9.5,Tue,2019-11-26
250,2019-11-27 08:00:00,2019-11-27 18:00:00,10.0,Wed,2019-11-27
251,2019-11-28 08:00:00,2019-11-28 17:00:00,9.0,Thu,2019-11-28
252,2019-11-29 08:00:00,2019-11-29 17:30:00,9.5,Fri,2019-11-29
253,2019-12-02 08:00:00,2019-12-02 18:00:00,10.0,Mon,2019-12-02
254,2019-12-03 08:00:00,2019-12-03 18:00:00,10.0,Tue,2019-12-03
255,2019-12-04 08:00:00,2019-12-04 17:30:00,9.5,Wed,2019-12-04
256,2019-12-05 08:00:00,2019-12-05 17:30:00,9.5,Thu,2019-12-05
257,2019-12-06 08:00:00,2019-12-06 17:30:00,9.5,Fri,2019-12-06
258,2019-12-09 08:00:00,2019-12-09 18:00:00,10.0,Mon,2019-12-09
259,2019-12-10 08:00:00,2019-12-10 17:30:00,9.5,Tue,2019-12-10
260,2019-12-11 08:00:00,2019-12-11 18:30:00,10.5,Wed,2019-12-11
261,2019-12-12 08:00:00,2019-12-12 18:00:00,10.0,Thu,2019-12-12
262,2019-12-13 08:00:00,2019-12-13 17:30:00,9.5,Fri,2019-12-13
263,2019-12-16 08:00:00,2019-12-16 18:00:00,10.0,Mon,2019-12-16
264,2019-12-17 08:00:00,2019-12-17 17:30:00,9.5,Tue,2019-12-17
265,2019-12-18 08:00:00,2019-12-18 18:00:00,10.0,Wed,2019-12-18
266,2019-12-19 08:00:00,2019-12-19 17:30:00,9.5,Thu,2019-12-19
267,2019-12-20 08:00:00,2019-12-20 18:30:00,10.5,Fri,2019-12-20
268,2019-12-23 08:00:00,2019-12-23 17:00:00,9.0,Mon,2019-12-23
269,2019-12-24 08:00:00,2019-12-24 13:30:00,5.5,Tue,2019-12-24
270,2019-12-26 08:00:00,2019-12-26 14:30:00,6.5,Thu,2019-12-26
271,2019-12-27 08:00:00,2019-12-27 16:00:00,8.0,Fri,2019-12-27
272,2019-12-30 08:00:00,2019-12-30 17:00:00,9.0,Mon,2019-12-30
273,2019-12-31 08:00:00,2019-12-31 16:00:00,8.0,Tue,2019-12-31
274,2020-01-02 08:00:00,2020-01-02 16:30:00,8.5,Thu,2020-01-02
275,2020-01-03 08:00:00,2020-01-03 18:00:00,10.0,Fri,2020-01-03
276,2020-01-06 08:00:00,2020-01-06 18:30:00,10.5,Mon,2020-01-06
277,2020-01-07 08:00:00,2020-01-07 16:30:00,8.5,Tue,2020-01-07
278,2020-01-08 08:00:00,2020-01-08 18:30:00,10.5,Wed,2020-01-08
279,2020-01-09 08:00:00,2020-01-09 16:30:00,8.5,Thu,2020-01-09
280,2020-01-10 08:00:00,2020-01-10 17:30:00,9.5,Fri,2020-01-10
281,2020-01-13 08:00:00,2020-01-13 19:00:00,11.0,Mon,2020-01-13
282,2020-01-14 08:00:00,2020-01-14 18:30:00,10.5,Tue,2020-01-14
283,2020-01-15 08:00:00,2020-01-15 18:30:00,10.5,Wed,2020-01-15
284,2020-01-16 08:00:00,2020-01-16 18:30:00,10.5,Thu,2020-01-16
285,2020-01-17 08:00:00,2020-01-17 10:00:00,2.0,Fri,2020-01-17
286,2020-01-22 08:00:00,2020-01-22 18:30:00,10.5,Wed,2020-01-22
287,2020-01-23 08:00:00,2020-01-23 18:30:00,10.5,Thu,2020-01-23
288,2020-01-24 08:00:00,2020-01-24 19:00:00,11.0,Fri,2020-01-24
289,2020-01-25 08:00:00,2020-01-25 18:00:00,10.0,Sat,2020-01-25
290,2020-01-27 08:00:00,2020-01-27 18:30:00,10.5,Mon,2020-01-27
291,2020-01-28 08:00:00,2020-01-28 19:00:00,11.0,Tue,2020-01-28
292,2020-01-29 08:00:00,2020-01-29 19:00:00,11.0,Wed,2020-01-29
293,2020-01-30 08:00:00,2020-01-30 18:30:00,10.5,Thu,2020-01-30
294,2020-01-31 08:00:00,2020-01-31 18:00:00,10.0,Fri,2020-01-31
295,2020-02-03 08:00:00,2020-02-03 18:30:00,10.5,Mon,2020-02-03
296,2020-02-04 08:00:00,2020-02-04 18:00:00,10.0,Tue,2020-02-04
297,2020-02-05 08:00:00,2020-02-05 19:00:00,11.0,Wed,2020-02-05
298,2020-02-06 08:00:00,2020-02-06 17:00:00,9.0,Thu,2020-02-06
299,2020-02-07 08:00:00,2020-02-07 18:00:00,10.0,Fri,2020-02-07
300,2020-02-10 08:00:00,2020-02-10 19:00:00,11.0,Mon,2020-02-10
301,2020-02-11 08:00:00,2020-02-11 18:30:00,10.5,Tue,2020-02-11
302,2020-02-12 08:00:00,2020-02-12 13:30:00,5.5,Wed,2020-02-12
303,2020-02-13 08:00:00,2020-02-13 18:30:00,10.5,Thu,2020-02-13
304,2020-02-15 08:00:00,2020-02-15 18:30:00,10.5,Sat,2020-02-15
305,2020-02-15 08:00:00,2020-02-15 14:00:00,6.0,Sat,2020-02-15
306,2020-02-17 08:00:00,2020-02-17 17:00:00,9.0,Mon,2020-02-17
307,2020-02-18 08:00:00,2020-02-18 18:00:00,10.0,Tue,2020-02-18
308,2020-02-19 14:30:00,2020-02-19 17:30:00,3.0,Wed,2020-02-19
309,2020-02-20 08:00:00,2020-02-20 18:00:00,10.0,Thu,2020-02-20
310,2020-02-24 08:00:00,2020-02-24 18:30:00,10.5,Mon,2020-02-24
311,2020-02-25 08:00:00,2020-02-25 18:30:00,10.5,Tue,2020-02-25
312,2020-02-26 08:00:00,2020-02-26 17:30:00,9.5,Wed,2020-02-26
313,2020-02-27 08:00:00,2020-02-27 18:30:00,10.5,Thu,2020-02-27
314,2020-02-28 08:00:00,2020-02-28 17:30:00,9.5,Fri,2020-02-28
315,2020-03-02 08:00:00,2020-03-02 18:30:00,10.5,Mon,2020-03-02
316,2020-03-03 08:00:00,2020-03-03 18:30:00,10.5,Tue,2020-03-03
317,2020-03-04 08:00:00,2020-03-04 17:30:00,9.5,Wed,2020-03-04
318,2020-03-05 08:00:00,2020-03-05 18:00:00,10.0,Thu,2020-03-05
319,2020-03-06 08:00:00,2020-03-06 18:30:00,10.5,Fri,2020-03-06
320,2020-03-09 08:00:00,2020-03-09 19:00:00,11.0,Mon,2020-03-09
321,2020-03-10 08:00:00,2020-03-10 18:00:00,10.0,Tue,2020-03-10
322,2020-03-11 08:00:00,2020-03-11 18:30:00,10.5,Wed,2020-03-11
323,2020-03-12 08:00:00,2020-03-12 19:30:00,11.5,Thu,2020-03-12
324,2020-03-13 07:00:00,2020-03-13 17:30:00,10.5,Fri,2020-03-13
325,2020-03-16 08:00:00,2020-03-16 19:00:00,11.0,Mon,2020-03-16
326,2020-03-17 08:00:00,2020-03-17 18:30:00,10.5,Tue,2020-03-17
327,2020-03-18 08:00:00,2020-03-18 19:30:00,11.5,Wed,2020-03-18
328,2020-03-19 08:00:00,2020-03-19 18:00:00,10.0,Thu,2020-03-19
329,2020-03-20 08:00:00,2020-03-20 18:00:00,10.0,Fri,2020-03-20
330,2020-03-23 09:30:00,2020-03-23 18:00:00,8.5,Mon,2020-03-23
331,2020-03-24 08:00:00,2020-03-24 19:00:00,11.0,Tue,2020-03-24
332,2020-03-25 08:00:00,2020-03-25 18:30:00,10.5,Wed,2020-03-25
333,2020-03-26 08:00:00,2020-03-26 19:00:00,11.0,Thu,2020-03-26
334,2020-03-27 08:00:00,2020-03-27 19:30:00,11.5,Fri,2020-03-27
335,2020-03-30 08:00:00,2020-03-30 19:00:00,11.0,Mon,2020-03-30
336,2020-03-31 08:00:00,2020-03-31 19:00:00,11.0,Tue,2020-03-31
337,2020-04-01 08:00:00,2020-04-01 19:00:00,11.0,Wed,2020-04-01
338,2020-04-02 08:00:00,2020-04-02 18:30:00,10.5,Thu,2020-04-02
339,2020-04-03 08:00:00,2020-04-03 18:30:00,10.5,Fri,2020-04-03
340,2020-04-06 08:00:00,2020-04-06 18:00:00,10.0,Mon,2020-04-06
341,2020-04-07 08:00:00,2020-04-07 18:30:00,10.5,Tue,2020-04-07
342,2020-04-08 08:00:00,2020-04-08 18:30:00,10.5,Wed,2020-04-08
343,2020-04-09 08:00:00,2020-04-09 18:30:00,10.5,Thu,2020-04-09
344,2020-04-10 08:00:00,2020-04-10 18:00:00,10.0,Fri,2020-04-10
345,2020-04-13 08:00:00,2020-04-13 19:00:00,11.0,Mon,2020-04-13
346,2020-04-14 08:00:00,2020-04-14 18:00:00,10.0,Tue,2020-04-14
347,2020-04-15 08:00:00,2020-04-15 20:30:00,12.5,Wed,2020-04-15
348,2020-04-16 08:00:00,2020-04-16 18:00:00,10.0,Thu,2020-04-16
349,2020-04-17 08:00:00,2020-04-17 17:30:00,9.5,Fri,2020-04-17
350,2020-04-20 08:00:00,2020-04-20 18:30:00,10.5,Mon,2020-04-20
351,2020-04-21 08:00:00,2020-04-21 18:00:00,10.0,Tue,2020-04-21
352,2020-04-22 08:00:00,2020-04-22 18:00:00,10.0,Wed,2020-04-22
353,2020-04-23 08:00:00,2020-04-23 18:00:00,10.0,Thu,2020-04-23
354,2020-04-24 08:00:00,2020-04-24 16:30:00,8.5,Fri,2020-04-24
355,2020-04-27 08:00:00,2020-04-27 18:00:00,10.0,Mon,2020-04-27
356,2020-04-28 08:00:00,2020-04-28 19:00:00,11.0,Tue,2020-04-28
357,2020-04-29 08:00:00,2020-04-29 18:00:00,10.0,Wed,2020-04-29
358,2020-04-30 08:00:00,2020-04-30 18:30:00,10.5,Thu,2020-04-30
359,2020-05-01 08:00:00,2020-05-01 18:30:00,10.5,Fri,2020-05-01
360,2020-05-04 08:00:00,2020-05-04 18:00:00,10.0,Mon,2020-05-04
361,2020-05-05 08:00:00,2020-05-05 18:00:00,10.0,Tue,2020-05-05
362,2020-05-06 08:00:00,2020-05-06 18:00:00,10.0,Wed,2020-05-06
363,2020-05-07 08:00:00,2020-05-07 20:30:00,12.5,Thu,2020-05-07
364,2020-05-08 08:00:00,2020-05-08 20:30:00,12.5,Fri,2020-05-08
365,2020-05-11 08:00:00,2020-05-11 18:00:00,10.0,Mon,2020-05-11
366,2020-05-12 08:00:00,2020-05-12 18:00:00,10.0,Tue,2020-05-12
367,2020-05-13 08:00:00,2020-05-13 18:30:00,10.5,Wed,2020-05-13
368,2020-05-14 08:00:00,2020-05-14 20:30:00,12.5,Thu,2020-05-14
369,2020-05-15 08:00:00,2020-05-15 18:30:00,10.5,Fri,2020-05-15
370,2020-05-18 08:00:00,2020-05-18 18:30:00,10.5,Mon,2020-05-18
371,2020-05-19 08:00:00,2020-05-19 19:30:00,11.5,Tue,2020-05-19
372,2020-05-20 08:00:00,2020-05-20 19:30:00,11.5,Wed,2020-05-20
373,2020-05-21 08:00:00,2020-05-21 19:00:00,11.0,Thu,2020-05-21
374,2020-05-22 08:00:00,2020-05-22 17:30:00,9.5,Fri,2020-05-22
375,2020-05-25 08:00:00,2020-05-25 18:00:00,10.0,Mon,2020-05-25
376,2020-05-26 08:00:00,2020-05-26 17:30:00,9.5,Tue,2020-05-26
377,2020-05-27 08:00:00,2020-05-27 17:00:00,9.0,Wed,2020-05-27
378,2020-05-28 08:00:00,2020-05-28 20:00:00,12.0,Thu,2020-05-28
379,2020-05-29 08:00:00,2020-05-29 19:30:00,11.5,Fri,2020-05-29
380,2020-06-01 08:00:00,2020-06-01 18:30:00,10.5,Mon,2020-06-01
381,2020-06-02 08:00:00,2020-06-02 18:00:00,10.0,Tue,2020-06-02
382,2020-06-03 08:00:00,2020-06-03 18:30:00,10.5,Wed,2020-06-03
383,2020-06-04 08:00:00,2020-06-04 18:30:00,10.5,Thu,2020-06-04
384,2020-06-05 08:00:00,2020-06-05 18:00:00,10.0,Fri,2020-06-05
385,2020-06-08 08:00:00,2020-06-08 18:30:00,10.5,Mon,2020-06-08
386,2020-06-09 08:00:00,2020-06-09 18:30:00,10.5,Tue,2020-06-09
387,2020-06-10 08:00:00,2020-06-10 18:30:00,10.5,Wed,2020-06-10
388,2020-06-11 08:00:00,2020-06-11 18:30:00,10.5,Thu,2020-06-11
389,2020-06-12 08:00:00,2020-06-12 17:30:00,9.5,Fri,2020-06-12
390,2020-06-15 08:00:00,2020-06-15 18:30:00,10.5,Mon,2020-06-15
391,2020-06-16 08:30:00,2020-06-16 20:30:00,12.0,Tue,2020-06-16
392,2020-06-17 08:00:00,2020-06-17 19:30:00,11.5,Wed,2020-06-17
393,2020-06-18 08:00:00,2020-06-18 18:30:00,10.5,Thu,2020-06-18
394,2020-06-19 08:00:00,2020-06-19 18:00:00,10.0,Fri,2020-06-19
395,2020-06-22 08:00:00,2020-06-22 18:00:00,10.0,Mon,2020-06-22
396,2020-06-23 08:00:00,2020-06-23 18:30:00,10.5,Tue,2020-06-23
397,2020-06-24 08:00:00,2020-06-24 18:00:00,10.0,Wed,2020-06-24
398,2020-06-25 08:00:00,2020-06-25 18:30:00,10.5,Thu,2020-06-25
399,2020-06-26 08:00:00,2020-06-26 18:30:00,10.5,Fri,2020-06-26
400,2020-06-29 08:00:00,2020-06-29 18:00:00,10.0,Mon,2020-06-29
401,2020-06-30 08:00:00,2020-06-30 18:00:00,10.0,Tue,2020-06-30
402,2020-07-01 08:00:00,2020-07-01 19:00:00,11.0,Wed,2020-07-01
403,2020-07-02 08:00:00,2020-07-02 18:30:00,10.5,Thu,2020-07-02
404,2020-07-03 08:00:00,2020-07-03 18:00:00,10.0,Fri,2020-07-03
405,2020-07-06 08:00:00,2020-07-06 18:30:00,10.5,Mon,2020-07-06
406,2020-07-07 08:00:00,2020-07-07 19:30:00,11.5,Tue,2020-07-07
407,2020-07-08 08:00:00,2020-07-08 18:30:00,10.5,Wed,2020-07-08
408,2020-07-09 08:00:00,2020-07-09 18:00:00,10.0,Thu,2020-07-09
409,2020-07-10 08:00:00,2020-07-10 17:30:00,9.5,Fri,2020-07-10
410,2020-07-13 08:00:00,2020-07-13 19:00:00,11.0,Mon,2020-07-13
411,2020-07-14 08:00:00,2020-07-14 18:00:00,10.0,Tue,2020-07-14
412,2020-07-15 08:00:00,2020-07-15 18:30:00,10.5,Wed,2020-07-15
413,2020-07-16 08:00:00,2020-07-16 18:30:00,10.5,Thu,2020-07-16
414,2020-07-17 08:00:00,2020-07-17 18:30:00,10.5,Fri,2020-07-17
415,2020-07-18 08:00:00,2020-07-18 15:30:00,7.5,Sat,2020-07-18
416,2020-07-20 08:00:00,2020-07-20 18:30:00,10.5,Mon,2020-07-20
417,2020-07-21 08:00:00,2020-07-21 18:30:00,10.5,Tue,2020-07-21
418,2020-07-22 08:00:00,2020-07-22 18:30:00,10.5,Wed,2020-07-22
419,2020-07-23 08:00:00,2020-07-23 18:00:00,10.0,Thu,2020-07-23
420,2020-07-24 08:00:00,2020-07-24 18:00:00,10.0,Fri,2020-07-24
421,2020-07-27 08:00:00,2020-07-27 18:00:00,10.0,Mon,2020-07-27
422,2020-07-28 08:00:00,2020-07-28 18:00:00,10.0,Tue,2020-07-28
423,2020-07-29 08:00:00,2020-07-29 18:00:00,10.0,Wed,2020-07-29
424,2020-07-30 08:00:00,2020-07-30 18:00:00,10.0,Thu,2020-07-30
425,2020-07-31 08:00:00,2020-07-31 19:00:00,11.0,Fri,2020-07-31
426,2020-08-01 18:00:00,2020-08-01 19:30:00,1.5,Sat,2020-08-01
427,2020-08-03 08:00:00,2020-08-03 18:30:00,10.5,Mon,2020-08-03
428,2020-08-04 08:00:00,2020-08-04 18:30:00,10.5,Tue,2020-08-04
429,2020-08-05 08:00:00,2020-08-05 17:30:00,9.5,Wed,2020-08-05
430,2020-08-06 08:00:00,2020-08-06 19:00:00,11.0,Thu,2020-08-06
431,2020-08-07 08:00:00,2020-08-07 18:30:00,10.5,Fri,2020-08-07
432,2020-08-10 08:00:00,2020-08-10 18:30:00,10.5,Mon,2020-08-10
433,2020-08-11 08:00:00,2020-08-11 18:30:00,10.5,Tue,2020-08-11
434,2020-08-12 08:00:00,2020-08-12 18:00:00,10.0,Wed,2020-08-12
435,2020-08-13 08:00:00,2020-08-13 18:30:00,10.5,Thu,2020-08-13
436,2020-08-14 08:00:00,2020-08-14 18:30:00,10.5,Fri,2020-08-14
437,2020-08-17 08:00:00,2020-08-17 20:00:00,12.0,Mon,2020-08-17
438,2020-08-18 08:00:00,2020-08-18 18:30:00,10.5,Tue,2020-08-18
439,2020-08-21 08:00:00,2020-08-21 18:30:00,10.5,Fri,2020-08-21
440,2020-08-22 19:30:00,2020-08-22 20:30:00,1.0,Sat,2020-08-22
441,2020-08-24 08:00:00,2020-08-24 20:30:00,12.5,Mon,2020-08-24
442,2020-08-25 08:00:00,2020-08-25 18:00:00,10.0,Tue,2020-08-25
443,2020-08-26 08:00:00,2020-08-26 17:30:00,9.5,Wed,2020-08-26
444,2020-08-27 08:00:00,2020-08-27 18:00:00,10.0,Thu,2020-08-27
445,2020-08-28 08:00:00,2020-08-28 18:30:00,10.5,Fri,2020-08-28
446,2020-08-31 08:00:00,2020-08-31 18:30:00,10.5,Mon,2020-08-31
447,2020-09-01 08:00:00,2020-09-01 18:00:00,10.0,Tue,2020-09-01
448,2020-09-02 08:00:00,2020-09-02 19:30:00,11.5,Wed,2020-09-02
449,2020-09-03 08:00:00,2020-09-03 18:00:00,10.0,Thu,2020-09-03
450,2020-09-04 08:00:00,2020-09-04 18:00:00,10.0,Fri,2020-09-04
451,2020-09-05 09:30:00,2020-09-05 12:30:00,3.0,Sat,2020-09-05
452,2020-09-07 08:00:00,2020-09-07 18:00:00,10.0,Mon,2020-09-07
453,2020-09-08 08:00:00,2020-09-08 18:30:00,10.5,Tue,2020-09-08
454,2020-09-09 08:00:00,2020-09-09 18:00:00,10.0,Wed,2020-09-09
455,2020-09-10 08:00:00,2020-09-10 18:00:00,10.0,Thu,2020-09-10
456,2020-09-11 08:00:00,2020-09-11 18:00:00,10.0,Fri,2020-09-11
457,2020-09-14 08:00:00,2020-09-14 22:30:00,14.5,Mon,2020-09-14
458,2020-09-15 08:00:00,2020-09-15 18:00:00,10.0,Tue,2020-09-15
459,2020-09-16 08:00:00,2020-09-16 19:30:00,11.5,Wed,2020-09-16
460,2020-09-17 08:00:00,2020-09-17 20:30:00,12.5,Thu,2020-09-17
461,2020-09-18 08:00:00,2020-09-18 18:30:00,10.5,Fri,2020-09-18
462,2020-09-21 08:00:00,2020-09-21 18:00:00,10.0,Mon,2020-09-21
463,2020-09-22 08:00:00,2020-09-22 18:00:00,10.0,Tue,2020-09-22
464,2020-09-23 08:00:00,2020-09-23 18:30:00,10.5,Wed,2020-09-23
465,2020-09-24 08:00:00,2020-09-24 18:00:00,10.0,Thu,2020-09-24
466,2020-09-25 08:00:00,2020-09-25 18:00:00,10.0,Fri,2020-09-25
467,2020-09-26 17:30:00,2020-09-26 20:00:00,2.5,Sat,2020-09-26
468,2020-09-28 08:00:00,2020-09-28 18:00:00,10.0,Mon,2020-09-28
469,2020-09-29 08:00:00,2020-09-29 19:00:00,11.0,Tue,2020-09-29
470,2020-09-30 08:00:00,2020-09-30 19:00:00,11.0,Wed,2020-09-30
471,2020-10-01 08:00:00,2020-10-01 17:30:00,9.5,Thu,2020-10-01
472,2020-10-02 08:00:00,2020-10-02 18:00:00,10.0,Fri,2020-10-02
473,2020-10-03 19:00:00,2020-10-03 21:00:00,2.0,Sat,2020-10-03
474,2020-10-04 18:00:00,2020-10-04 20:00:00,2.0,Sun,2020-10-04
475,2020-10-05 08:00:00,2020-10-05 20:00:00,12.0,Mon,2020-10-05
476,2020-10-06 08:00:00,2020-10-06 19:00:00,11.0,Tue,2020-10-06
477,2020-10-07 08:00:00,2020-10-07 19:00:00,11.0,Wed,2020-10-07
478,2020-10-08 08:00:00,2020-10-08 17:30:00,9.5,Thu,2020-10-08
479,2020-10-09 08:00:00,2020-10-09 18:00:00,10.0,Fri,2020-10-09
480,2020-10-10 11:00:00,2020-10-10 18:00:00,7.0,Sat,2020-10-10
481,2020-10-12 08:00:00,2020-10-12 18:30:00,10.5,Mon,2020-10-12
482,2020-10-13 08:00:00,2020-10-13 19:00:00,11.0,Tue,2020-10-13
483,2020-10-14 08:00:00,2020-10-14 18:00:00,10.0,Wed,2020-10-14
484,2020-10-15 08:00:00,2020-10-15 18:00:00,10.0,Thu,2020-10-15
485,2020-10-16 08:00:00,2020-10-16 17:30:00,9.5,Fri,2020-10-16
486,2020-10-17 16:00:00,2020-10-17 17:30:00,1.5,Sat,2020-10-17
487,2020-10-19 08:00:00,2020-10-19 18:00:00,10.0,Mon,2020-10-19
488,2020-10-20 08:00:00,2020-10-20 18:00:00,10.0,Tue,2020-10-20
489,2020-10-21 08:00:00,2020-10-21 18:00:00,10.0,Wed,2020-10-21
490,2020-10-22 08:00:00,2020-10-22 22:00:00,14.0,Thu,2020-10-22
491,2020-10-23 08:00:00,2020-10-23 18:30:00,10.5,Fri,2020-10-23
492,2020-10-26 08:00:00,2020-10-26 18:00:00,10.0,Mon,2020-10-26
493,2020-10-27 08:00:00,2020-10-27 18:00:00,10.0,Tue,2020-10-27
494,2020-10-28 08:00:00,2020-10-28 20:00:00,12.0,Wed,2020-10-28
495,2020-10-29 08:00:00,2020-10-29 18:00:00,10.0,Thu,2020-10-29
496,2020-10-30 08:00:00,2020-10-30 18:30:00,10.5,Fri,2020-10-30
497,2020-11-02 08:00:00,2020-11-02 18:00:00,10.0,Mon,2020-11-02
498,2020-11-03 08:00:00,2020-11-03 18:00:00,10.0,Tue,2020-11-03
499,2020-11-04 08:00:00,2020-11-04 18:30:00,10.5,Wed,2020-11-04
500,2020-11-05 08:00:00,2020-11-05 18:00:00,10.0,Thu,2020-11-05
501,2020-11-06 08:00:00,2020-11-06 18:00:00,10.0,Fri,2020-11-06
502,2020-11-08 17:00:00,2020-11-08 19:00:00,2.0,Sun,2020-11-08
503,2020-11-09 08:00:00,2020-11-09 18:00:00,10.0,Mon,2020-11-09
504,2020-11-10 08:00:00,2020-11-10 22:00:00,14.0,Tue,2020-11-10
505,2020-11-11 08:00:00,2020-11-11 20:30:00,12.5,Wed,2020-11-11
506,2020-11-12 08:00:00,2020-11-12 18:00:00,10.0,Thu,2020-11-12
507,2020-11-13 08:00:00,2020-11-13 17:30:00,9.5,Fri,2020-11-13
508,2020-11-16 08:00:00,2020-11-16 21:00:00,13.0,Mon,2020-11-16
509,2020-11-17 08:00:00,2020-11-17 20:00:00,12.0,Tue,2020-11-17
510,2020-11-18 08:00:00,2020-11-18 18:30:00,10.5,Wed,2020-11-18
511,2020-11-19 08:00:00,2020-11-19 18:00:00,10.0,Thu,2020-11-19
512,2020-11-20 08:00:00,2020-11-20 18:00:00,10.0,Fri,2020-11-20
513,2020-11-22 19:30:00,2020-11-22 20:00:00,0.5,Sun,2020-11-22
514,2020-11-23 08:00:00,2020-11-23 18:00:00,10.0,Mon,2020-11-23
515,2020-11-24 08:00:00,2020-11-24 18:00:00,10.0,Tue,2020-11-24
516,2020-11-25 08:00:00,2020-11-25 19:00:00,11.0,Wed,2020-11-25
517,2020-11-26 08:00:00,2020-11-26 18:00:00,10.0,Thu,2020-11-26
518,2020-11-30 08:00:00,2020-11-30 19:00:00,11.0,Mon,2020-11-30
519,2020-12-01 08:00:00,2020-12-01 18:00:00,10.0,Tue,2020-12-01
520,2020-12-02 08:00:00,2020-12-02 18:00:00,10.0,Wed,2020-12-02
521,2020-12-03 08:00:00,2020-12-03 18:00:00,10.0,Thu,2020-12-03
522,2020-12-08 08:00:00,2020-12-08 21:30:00,13.5,Tue,2020-12-08
523,2020-12-09 08:00:00,2020-12-09 18:00:00,10.0,Wed,2020-12-09
524,2020-12-10 08:00:00,2020-12-10 18:00:00,10.0,Thu,2020-12-10
525,2020-12-11 08:00:00,2020-12-11 18:00:00,10.0,Fri,2020-12-11
526,2020-12-14 08:00:00,2020-12-14 21:30:00,13.5,Mon,2020-12-14
527,2020-12-15 08:00:00,2020-12-15 18:30:00,10.5,Tue,2020-12-15
528,2020-12-16 08:00:00,2020-12-16 18:00:00,10.0,Wed,2020-12-16
529,2020-12-17 08:00:00,2020-12-17 18:30:00,10.5,Thu,2020-12-17
530,2020-12-18 08:00:00,2020-12-18 18:00:00,10.0,Fri,2020-12-18
531,2020-12-19 17:30:00,2020-12-19 20:30:00,3.0,Sat,2020-12-19
532,2020-12-21 08:00:00,2020-12-21 19:00:00,11.0,Mon,2020-12-21
533,2020-12-22 08:00:00,2020-12-22 20:00:00,12.0,Tue,2020-12-22
534,2020-12-23 08:00:00,2020-12-23 18:00:00,10.0,Wed,2020-12-23
535,2020-12-24 08:00:00,2020-12-24 18:00:00,10.0,Thu,2020-12-24
536,2020-12-28 08:00:00,2020-12-28 18:30:00,10.5,Mon,2020-12-28
537,2020-12-29 08:00:00,2020-12-29 19:30:00,11.5,Tue,2020-12-29
538,2020-12-30 08:00:00,2020-12-30 18:30:00,10.5,Wed,2020-12-30
539,2020-12-31 08:00:00,2020-12-31 18:00:00,10.0,Thu,2020-12-31
540,2021-01-04 08:00:00,2021-01-04 18:00:00,10.0,Mon,2021-01-04
541,2021-01-05 08:00:00,2021-01-05 18:00:00,10.0,Tue,2021-01-05
542,2021-01-06 08:00:00,2021-01-06 18:00:00,10.0,Wed,2021-01-06
543,2021-01-07 08:00:00,2021-01-07 18:30:00,10.5,Thu,2021-01-07
544,2021-01-08 08:00:00,2021-01-08 18:00:00,10.0,Fri,2021-01-08
545,2021-01-11 08:00:00,2021-01-11 18:00:00,10.0,Mon,2021-01-11
546,2021-01-12 08:00:00,2021-01-12 18:30:00,10.5,Tue,2021-01-12
547,2021-01-13 08:00:00,2021-01-13 19:30:00,11.5,Wed,2021-01-13
548,2021-01-14 08:00:00,2021-01-14 18:00:00,10.0,Thu,2021-01-14
549,2021-01-15 08:00:00,2021-01-15 18:30:00,10.5,Fri,2021-01-15
550,2021-01-18 08:00:00,2021-01-18 18:30:00,10.5,Mon,2021-01-18
551,2021-01-19 08:00:00,2021-01-19 18:30:00,10.5,Tue,2021-01-19
552,2021-01-20 08:00:00,2021-01-20 18:00:00,10.0,Wed,2021-01-20
553,2021-01-21 07:30:00,2021-01-21 19:00:00,11.5,Thu,2021-01-21
554,2021-01-22 08:00:00,2021-01-22 17:30:00,9.5,Fri,2021-01-22
555,2021-01-25 08:00:00,2021-01-25 18:30:00,10.5,Mon,2021-01-25
556,2021-01-26 08:00:00,2021-01-26 18:00:00,10.0,Tue,2021-01-26
557,2021-01-27 08:00:00,2021-01-27 18:30:00,10.5,Wed,2021-01-27
558,2021-01-28 08:00:00,2021-01-28 18:30:00,10.5,Thu,2021-01-28
559,2021-01-29 08:00:00,2021-01-29 18:00:00,10.0,Fri,2021-01-29
560,2021-01-31 13:30:00,2021-01-31 15:00:00,1.5,Sun,2021-01-31
561,2021-02-01 08:00:00,2021-02-01 20:00:00,12.0,Mon,2021-02-01
562,2021-02-02 08:00:00,2021-02-02 20:00:00,12.0,Tue,2021-02-02
563,2021-02-03 08:00:00,2021-02-03 18:00:00,10.0,Wed,2021-02-03
564,2021-02-04 08:00:00,2021-02-04 20:00:00,12.0,Thu,2021-02-04
565,2021-02-05 08:00:00,2021-02-05 18:00:00,10.0,Fri,2021-02-05
566,2021-02-06 13:00:00,2021-02-06 14:00:00,1.0,Sat,2021-02-06
567,2021-02-08 08:00:00,2021-02-08 18:00:00,10.0,Mon,2021-02-08
568,2021-02-09 08:00:00,2021-02-09 21:30:00,13.5,Tue,2021-02-09
569,2021-02-10 08:00:00,2021-02-10 19:00:00,11.0,Wed,2021-02-10
570,2021-02-11 08:00:00,2021-02-11 19:30:00,11.5,Thu,2021-02-11
571,2021-02-12 08:00:00,2021-02-12 20:00:00,12.0,Fri,2021-02-12
572,2021-02-15 08:00:00,2021-02-15 18:00:00,10.0,Mon,2021-02-15
573,2021-02-16 08:00:00,2021-02-16 18:30:00,10.5,Tue,2021-02-16
574,2021-02-17 08:00:00,2021-02-17 19:30:00,11.5,Wed,2021-02-17
575,2021-02-18 08:00:00,2021-02-18 20:30:00,12.5,Thu,2021-02-18
576,2021-02-19 08:00:00,2021-02-19 18:00:00,10.0,Fri,2021-02-19
577,2021-02-20 10:00:00,2021-02-20 13:00:00,3.0,Sat,2021-02-20
578,2021-02-22 08:00:00,2021-02-22 18:00:00,10.0,Mon,2021-02-22
579,2021-02-23 08:00:00,2021-02-23 19:00:00,11.0,Tue,2021-02-23
580,2021-02-24 08:00:00,2021-02-24 20:30:00,12.5,Wed,2021-02-24
581,2021-02-25 08:00:00,2021-02-25 19:00:00,11.0,Thu,2021-02-25
582,2021-02-26 08:00:00,2021-02-26 18:00:00,10.0,Fri,2021-02-26
583,2021-02-27 19:00:00,2021-02-27 20:30:00,1.5,Sat,2021-02-27
584,2021-03-01 08:00:00,2021-03-01 20:00:00,12.0,Mon,2021-03-01
585,2021-03-02 08:00:00,2021-03-02 19:30:00,11.5,Tue,2021-03-02
586,2021-03-03 08:00:00,2021-03-03 18:00:00,10.0,Wed,2021-03-03
587,2021-03-04 08:00:00,2021-03-04 20:00:00,12.0,Thu,2021-03-04
588,2021-03-05 08:00:00,2021-03-05 18:00:00,10.0,Fri,2021-03-05
589,2021-03-07 20:00:00,2021-03-07 21:00:00,1.0,Sun,2021-03-07
590,2021-03-08 08:00:00,2021-03-08 18:30:00,10.5,Mon,2021-03-08
591,2021-03-09 08:00:00,2021-03-09 19:00:00,11.0,Tue,2021-03-09
592,2021-03-10 08:00:00,2021-03-10 19:00:00,11.0,Wed,2021-03-10
593,2021-03-11 08:00:00,2021-03-11 18:00:00,10.0,Thu,2021-03-11
594,2021-03-12 08:00:00,2021-03-12 18:30:00,10.5,Fri,2021-03-12
595,2021-03-13 11:00:00,2021-03-13 12:30:00,1.5,Sat,2021-03-13
596,2021-03-14 12:00:00,2021-03-14 13:00:00,1.0,Sun,2021-03-14
597,2021-03-15 08:00:00,2021-03-15 18:00:00,10.0,Mon,2021-03-15
598,2021-03-16 08:00:00,2021-03-16 18:30:00,10.5,Tue,2021-03-16
599,2021-03-17 08:00:00,2021-03-17 21:00:00,13.0,Wed,2021-03-17
600,2021-03-18 08:00:00,2021-03-18 20:00:00,12.0,Thu,2021-03-18
601,2021-03-21 17:00:00,2021-03-21 18:00:00,1.0,Sun,2021-03-21
602,2021-03-22 08:00:00,2021-03-22 18:30:00,10.5,Mon,2021-03-22
603,2021-03-23 08:00:00,2021-03-23 20:00:00,12.0,Tue,2021-03-23
604,2021-03-24 08:00:00,2021-03-24 18:00:00,10.0,Wed,2021-03-24
605,2021-03-25 08:00:00,2021-03-25 21:30:00,13.5,Thu,2021-03-25
606,2021-03-26 08:00:00,2021-03-26 19:00:00,11.0,Fri,2021-03-26
607,2021-03-27 13:00:00,2021-03-27 14:00:00,1.0,Sat,2021-03-27
608,2021-03-29 08:00:00,2021-03-29 19:30:00,11.5,Mon,2021-03-29
609,2021-03-30 08:00:00,2021-03-30 19:00:00,11.0,Tue,2021-03-30
610,2021-03-31 08:00:00,2021-03-31 18:00:00,10.0,Wed,2021-03-31
611,2021-04-01 08:00:00,2021-04-01 18:00:00,10.0,Thu,2021-04-01
612,2021-04-02 08:00:00,2021-04-02 18:00:00,10.0,Fri,2021-04-02
613,2021-04-04 07:30:00,2021-04-04 09:00:00,1.5,Sun,2021-04-04
614,2021-04-05 08:00:00,2021-04-05 18:00:00,10.0,Mon,2021-04-05
615,2021-04-06 08:00:00,2021-04-06 18:30:00,10.5,Tue,2021-04-06
616,2021-04-07 08:00:00,2021-04-07 20:00:00,12.0,Wed,2021-04-07
617,2021-04-08 08:00:00,2021-04-08 17:30:00,9.5,Thu,2021-04-08
618,2021-04-09 08:00:00,2021-04-09 18:00:00,10.0,Fri,2021-04-09
619,2021-04-12 08:00:00,2021-04-12 18:30:00,10.5,Mon,2021-04-12
620,2021-04-13 08:00:00,2021-04-13 19:30:00,11.5,Tue,2021-04-13
621,2021-04-14 08:00:00,2021-04-14 17:30:00,9.5,Wed,2021-04-14
622,2021-04-15 08:00:00,2021-04-15 17:30:00,9.5,Thu,2021-04-15
623,2021-04-16 08:00:00,2021-04-16 18:00:00,10.0,Fri,2021-04-16
624,2021-04-18 16:00:00,2021-04-18 19:00:00,3.0,Sun,2021-04-18
625,2021-04-19 08:00:00,2021-04-19 20:30:00,12.5,Mon,2021-04-19
626,2021-04-20 08:00:00,2021-04-20 18:30:00,10.5,Tue,2021-04-20
627,2021-04-21 08:00:00,2021-04-21 19:00:00,11.0,Wed,2021-04-21
628,2021-04-22 08:00:00,2021-04-22 20:00:00,12.0,Thu,2021-04-22
629,2021-04-23 08:00:00,2021-04-23 18:00:00,10.0,Fri,2021-04-23
630,2021-04-24 18:00:00,2021-04-24 20:00:00,2.0,Sat,2021-04-24
631,2021-04-26 08:00:00,2021-04-26 19:00:00,11.0,Mon,2021-04-26
632,2021-04-27 08:00:00,2021-04-27 18:30:00,10.5,Tue,2021-04-27
633,2021-04-28 08:00:00,2021-04-28 18:00:00,10.0,Wed,2021-04-28
634,2021-04-29 08:00:00,2021-04-29 20:30:00,12.5,Thu,2021-04-29
635,2021-04-30 08:00:00,2021-04-30 19:00:00,11.0,Fri,2021-04-30
636,2021-05-03 08:00:00,2021-05-03 20:30:00,12.5,Mon,2021-05-03
637,2021-05-04 08:00:00,2021-05-04 18:00:00,10.0,Tue,2021-05-04
638,2021-05-05 08:00:00,2021-05-05 18:00:00,10.0,Wed,2021-05-05
639,2021-05-06 08:00:00,2021-05-06 18:30:00,10.5,Thu,2021-05-06
640,2021-05-07 08:00:00,2021-05-07 18:00:00,10.0,Fri,2021-05-07
641,2021-05-10 08:00:00,2021-05-10 20:00:00,12.0,Mon,2021-05-10
642,2021-05-11 08:00:00,2021-05-11 18:00:00,10.0,Tue,2021-05-11
643,2021-05-12 08:00:00,2021-05-12 18:30:00,10.5,Wed,2021-05-12
644,2021-05-13 08:00:00,2021-05-13 22:00:00,14.0,Thu,2021-05-13
645,2021-05-14 08:00:00,2021-05-14 18:00:00,10.0,Fri,2021-05-14
646,2021-05-16 16:00:00,2021-05-16 17:00:00,1.0,Sun,2021-05-16
647,2021-05-17 08:00:00,2021-05-17 19:00:00,11.0,Mon,2021-05-17
648,2021-05-18 08:00:00,2021-05-18 19:00:00,11.0,Tue,2021-05-18
649,2021-05-19 08:00:00,2021-05-19 18:00:00,10.0,Wed,2021-05-19
650,2021-05-20 08:00:00,2021-05-20 20:00:00,12.0,Thu,2021-05-20
651,2021-05-21 08:00:00,2021-05-21 18:00:00,10.0,Fri,2021-05-21
652,2021-05-23 17:30:00,2021-05-23 20:00:00,2.5,Sun,2021-05-23
653,2021-05-24 08:00:00,2021-05-24 19:00:00,11.0,Mon,2021-05-24
654,2021-05-25 08:00:00,2021-05-25 20:00:00,12.0,Tue,2021-05-25
655,2021-05-26 08:00:00,2021-05-26 19:30:00,11.5,Wed,2021-05-26
656,2021-05-27 08:00:00,2021-05-27 17:00:00,9.0,Thu,2021-05-27
657,2021-05-28 09:30:00,2021-05-28 18:00:00,8.5,Fri,2021-05-28
658,2021-05-31 08:00:00,2021-05-31 18:00:00,10.0,Mon,2021-05-31
659,2021-06-01 08:00:00,2021-06-01 18:00:00,10.0,Tue,2021-06-01
660,2021-06-02 08:00:00,2021-06-02 18:00:00,10.0,Wed,2021-06-02
661,2021-06-03 08:00:00,2021-06-03 18:30:00,10.5,Thu,2021-06-03
662,2021-06-04 08:00:00,2021-06-04 18:00:00,10.0,Fri,2021-06-04
663,2021-06-06 14:00:00,2021-06-06 16:30:00,2.5,Sun,2021-06-06
664,2021-06-07 08:00:00,2021-06-07 18:30:00,10.5,Mon,2021-06-07
665,2021-06-08 08:00:00,2021-06-08 18:00:00,10.0,Tue,2021-06-08
666,2021-06-09 08:00:00,2021-06-09 19:00:00,11.0,Wed,2021-06-09
667,2021-06-10 08:00:00,2021-06-10 21:00:00,13.0,Thu,2021-06-10
668,2021-06-11 08:00:00,2021-06-11 18:00:00,10.0,Fri,2021-06-11
669,2021-06-13 18:30:00,2021-06-13 21:30:00,3.0,Sun,2021-06-13
670,2021-06-14 08:00:00,2021-06-14 18:30:00,10.5,Mon,2021-06-14
671,2021-06-15 08:00:00,2021-06-15 18:30:00,10.5,Tue,2021-06-15
672,2021-06-16 08:00:00,2021-06-16 18:00:00,10.0,Wed,2021-06-16
673,2021-06-17 08:00:00,2021-06-17 18:00:00,10.0,Thu,2021-06-17
674,2021-06-18 08:00:00,2021-06-18 18:00:00,10.0,Fri,2021-06-18
675,2021-06-21 08:00:00,2021-06-21 19:30:00,11.5,Mon,2021-06-21
676,2021-06-22 08:00:00,2021-06-22 19:30:00,11.5,Tue,2021-06-22
677,2021-06-23 08:00:00,2021-06-23 19:30:00,11.5,Wed,2021-06-23
678,2021-06-24 08:00:00,2021-06-24 18:00:00,10.0,Thu,2021-06-24
679,2021-06-25 08:00:00,2021-06-25 18:00:00,10.0,Fri,2021-06-25
680,2021-06-28 08:00:00,2021-06-28 20:30:00,12.5,Mon,2021-06-28
681,2021-06-29 08:00:00,2021-06-29 18:00:00,10.0,Tue,2021-06-29
682,2021-06-30 08:00:00,2021-06-30 18:00:00,10.0,Wed,2021-06-30
683,2021-07-01 08:00:00,2021-07-01 19:30:00,11.5,Thu,2021-07-01
684,2021-07-02 08:00:00,2021-07-02 17:30:00,9.5,Fri,2021-07-02
685,2021-07-03 11:00:00,2021-07-03 12:30:00,1.5,Sat,2021-07-03
686,2021-07-06 08:00:00,2021-07-06 17:30:00,9.5,Tue,2021-07-06
687,2021-07-07 08:00:00,2021-07-07 20:30:00,12.5,Wed,2021-07-07
688,2021-07-08 08:00:00,2021-07-08 17:00:00,9.0,Thu,2021-07-08
689,2021-07-09 08:00:00,2021-07-09 17:30:00,9.5,Fri,2021-07-09
690,2021-07-12 08:00:00,2021-07-12 20:00:00,12.0,Mon,2021-07-12
691,2021-07-13 08:00:00,2021-07-13 18:00:00,10.0,Tue,2021-07-13
692,2021-07-14 08:00:00,2021-07-14 18:30:00,10.5,Wed,2021-07-14
693,2021-07-15 08:00:00,2021-07-15 21:00:00,13.0,Thu,2021-07-15
694,2021-07-16 08:00:00,2021-07-16 18:00:00,10.0,Fri,2021-07-16
695,2021-07-19 08:00:00,2021-07-19 20:00:00,12.0,Mon,2021-07-19
696,2021-07-20 09:00:00,2021-07-20 18:00:00,9.0,Tue,2021-07-20
697,2021-07-21 08:00:00,2021-07-21 18:00:00,10.0,Wed,2021-07-21
698,2021-07-22 08:00:00,2021-07-22 19:00:00,11.0,Thu,2021-07-22
699,2021-07-23 08:00:00,2021-07-23 18:00:00,10.0,Fri,2021-07-23
700,2021-07-26 08:00:00,2021-07-26 19:00:00,11.0,Mon,2021-07-26
701,2021-07-27 08:00:00,2021-07-27 20:00:00,12.0,Tue,2021-07-27
702,2021-07-28 08:00:00,2021-07-28 18:00:00,10.0,Wed,2021-07-28
703,2021-07-29 08:00:00,2021-07-29 18:00:00,10.0,Thu,2021-07-29
704,2021-07-30 08:00:00,2021-07-30 17:30:00,9.5,Fri,2021-07-30
705,2021-08-02 08:00:00,2021-08-02 19:00:00,11.0,Mon,2021-08-02
706,2021-08-03 08:00:00,2021-08-03 18:00:00,10.0,Tue,2021-08-03
707,2021-08-04 08:00:00,2021-08-04 17:30:00,9.5,Wed,2021-08-04
708,2021-08-05 08:00:00,2021-08-05 19:30:00,11.5,Thu,2021-08-05
709,2021-08-06 08:00:00,2021-08-06 18:00:00,10.0,Fri,2021-08-06
710,2021-08-07 17:00:00,2021-08-07 20:00:00,3.0,Sat,2021-08-07
711,2021-08-09 08:00:00,2021-08-09 18:30:00,10.5,Mon,2021-08-09
712,2021-08-10 08:00:00,2021-08-10 18:00:00,10.0,Tue,2021-08-10
713,2021-08-11 08:00:00,2021-08-11 18:00:00,10.0,Wed,2021-08-11
714,2021-08-12 08:00:00,2021-08-12 18:00:00,10.0,Thu,2021-08-12
715,2021-08-13 08:00:00,2021-08-13 18:00:00,10.0,Fri,2021-08-13
716,2021-08-16 08:00:00,2021-08-16 19:00:00,11.0,Mon,2021-08-16
717,2021-08-17 08:00:00,2021-08-17 19:30:00,11.5,Tue,2021-08-17
718,2021-08-18 08:00:00,2021-08-18 18:00:00,10.0,Wed,2021-08-18
719,2021-08-19 08:00:00,2021-08-19 18:00:00,10.0,Thu,2021-08-19
720,2021-08-20 08:00:00,2021-08-20 18:00:00,10.0,Fri,2021-08-20
721,2021-08-21 11:00:00,2021-08-21 13:30:00,2.5,Sat,2021-08-21
722,2021-08-23 08:00:00,2021-08-23 19:30:00,11.5,Mon,2021-08-23
723,2021-08-24 08:00:00,2021-08-24 19:30:00,11.5,Tue,2021-08-24
724,2021-08-25 08:00:00,2021-08-25 18:00:00,10.0,Wed,2021-08-25
725,2021-08-26 08:00:00,2021-08-26 18:00:00,10.0,Thu,2021-08-26
726,2021-08-27 08:00:00,2021-08-27 18:00:00,10.0,Fri,2021-08-27
727,2021-08-30 08:00:00,2021-08-30 19:30:00,11.5,Mon,2021-08-30
728,2021-08-31 08:00:00,2021-08-31 18:00:00,10.0,Tue,2021-08-31
729,2021-09-01 08:00:00,2021-09-01 21:00:00,13.0,Wed,2021-09-01
730,2021-09-02 08:00:00,2021-09-02 18:00:00,10.0,Thu,2021-09-02
731,2021-09-03 08:00:00,2021-09-03 18:00:00,10.0,Fri,2021-09-03
732,2021-09-04 13:30:00,2021-09-04 14:30:00,1.0,Sat,2021-09-04
733,2021-09-06 08:00:00,2021-09-06 16:00:00,8.0,Mon,2021-09-06
734,2021-09-07 08:00:00,2021-09-07 18:00:00,10.0,Tue,2021-09-07
735,2021-09-08 08:00:00,2021-09-08 20:30:00,12.5,Wed,2021-09-08
736,2021-09-09 08:00:00,2021-09-09 18:00:00,10.0,Thu,2021-09-09
737,2021-09-10 08:00:00,2021-09-10 17:30:00,9.5,Fri,2021-09-10
738,2021-09-12 18:00:00,2021-09-12 20:00:00,2.0,Sun,2021-09-12
739,2021-09-13 08:00:00,2021-09-13 18:00:00,10.0,Mon,2021-09-13
740,2021-09-14 08:00:00,2021-09-14 20:00:00,12.0,Tue,2021-09-14
741,2021-09-15 08:00:00,2021-09-15 19:30:00,11.5,Wed,2021-09-15
742,2021-09-16 08:00:00,2021-09-16 18:00:00,10.0,Thu,2021-09-16
743,2021-09-17 08:00:00,2021-09-17 19:00:00,11.0,Fri,2021-09-17
744,2021-09-20 08:00:00,2021-09-20 19:30:00,11.5,Mon,2021-09-20
745,2021-09-21 08:00:00,2021-09-21 17:30:00,9.5,Tue,2021-09-21
746,2021-09-22 08:00:00,2021-09-22 20:00:00,12.0,Wed,2021-09-22
747,2021-09-23 08:00:00,2021-09-23 18:00:00,10.0,Thu,2021-09-23
748,2021-09-24 08:00:00,2021-09-24 22:00:00,14.0,Fri,2021-09-24
749,2021-09-27 08:00:00,2021-09-27 18:30:00,10.5,Mon,2021-09-27
750,2021-09-28 08:00:00,2021-09-28 18:00:00,10.0,Tue,2021-09-28
751,2021-09-29 08:00:00,2021-09-29 18:30:00,10.5,Wed,2021-09-29
752,2021-09-30 08:00:00,2021-09-30 19:00:00,11.0,Thu,2021-09-30
753,2021-10-01 08:00:00,2021-10-01 18:00:00,10.0,Fri,2021-10-01
754,2021-10-03 10:30:00,2021-10-03 14:00:00,3.5,Sun,2021-10-03
755,2021-10-04 08:00:00,2021-10-04 19:00:00,11.0,Mon,2021-10-04
756,2021-10-05 08:00:00,2021-10-05 19:00:00,11.0,Tue,2021-10-05
757,2021-10-06 08:00:00,2021-10-06 19:30:00,11.5,Wed,2021-10-06
758,2021-10-07 08:00:00,2021-10-07 18:00:00,10.0,Thu,2021-10-07
759,2021-10-08 08:00:00,2021-10-08 18:30:00,10.5,Fri,2021-10-08
760,2021-10-11 08:00:00,2021-10-11 18:00:00,10.0,Mon,2021-10-11
761,2021-10-12 08:00:00,2021-10-12 18:00:00,10.0,Tue,2021-10-12
762,2021-10-13 08:00:00,2021-10-13 17:30:00,9.5,Wed,2021-10-13
763,2021-10-14 08:00:00,2021-10-14 18:00:00,10.0,Thu,2021-10-14
764,2021-10-15 08:00:00,2021-10-15 18:00:00,10.0,Fri,2021-10-15
765,2021-10-16 09:30:00,2021-10-16 15:00:00,5.5,Sat,2021-10-16
766,2021-10-18 08:00:00,2021-10-18 21:30:00,13.5,Mon,2021-10-18
767,2021-10-19 08:00:00,2021-10-19 18:00:00,10.0,Tue,2021-10-19
768,2021-10-20 08:00:00,2021-10-20 18:00:00,10.0,Wed,2021-10-20
769,2021-10-21 08:00:00,2021-10-21 18:00:00,10.0,Thu,2021-10-21
770,2021-10-22 08:00:00,2021-10-22 16:00:00,8.0,Fri,2021-10-22
771,2021-10-23 15:00:00,2021-10-23 16:00:00,1.0,Sat,2021-10-23
772,2021-10-25 08:00:00,2021-10-25 18:00:00,10.0,Mon,2021-10-25
773,2021-10-26 08:00:00,2021-10-26 18:00:00,10.0,Tue,2021-10-26
774,2021-10-27 08:00:00,2021-10-27 19:00:00,11.0,Wed,2021-10-27
775,2021-10-28 08:00:00,2021-10-28 19:00:00,11.0,Thu,2021-10-28
776,2021-10-29 08:00:00,2021-10-29 18:00:00,10.0,Fri,2021-10-29
777,2021-10-30 19:00:00,2021-10-30 21:30:00,2.5,Sat,2021-10-30
778,2021-11-01 08:00:00,2021-11-01 20:00:00,12.0,Mon,2021-11-01
779,2021-11-02 08:00:00,2021-11-02 19:00:00,11.0,Tue,2021-11-02
780,2021-11-03 08:00:00,2021-11-03 18:00:00,10.0,Wed,2021-11-03
781,2021-11-04 08:00:00,2021-11-04 17:30:00,9.5,Thu,2021-11-04
782,2021-11-05 08:00:00,2021-11-05 18:30:00,10.5,Fri,2021-11-05
783,2021-11-06 19:45:00,2021-11-06 21:15:00,1.5,Sat,2021-11-06
784,2021-11-08 08:00:00,2021-11-08 19:30:00,11.5,Mon,2021-11-08
785,2021-11-09 08:00:00,2021-11-09 18:00:00,10.0,Tue,2021-11-09
786,2021-11-10 08:00:00,2021-11-10 18:30:00,10.5,Wed,2021-11-10
787,2021-11-11 08:00:00,2021-11-11 18:00:00,10.0,Thu,2021-11-11
788,2021-11-12 08:00:00,2021-11-12 18:00:00,10.0,Fri,2021-11-12
789,2021-11-15 08:00:00,2021-11-15 18:00:00,10.0,Mon,2021-11-15
790,2021-11-16 08:00:00,2021-11-16 18:00:00,10.0,Tue,2021-11-16
791,2021-11-17 08:00:00,2021-11-17 18:00:00,10.0,Wed,2021-11-17
792,2021-11-18 08:00:00,2021-11-18 18:00:00,10.0,Thu,2021-11-18
793,2021-11-19 08:00:00,2021-11-19 18:30:00,10.5,Fri,2021-11-19
794,2021-11-29 08:00:00,2021-11-29 21:00:00,13.0,Mon,2021-11-29
795,2021-11-30 08:00:00,2021-11-30 20:00:00,12.0,Tue,2021-11-30
796,2021-12-01 08:00:00,2021-12-01 20:30:00,12.5,Wed,2021-12-01
797,2021-12-02 08:00:00,2021-12-02 17:00:00,9.0,Thu,2021-12-02
798,2021-12-03 08:00:00,2021-12-03 18:00:00,10.0,Fri,2021-12-03
799,2021-12-06 08:00:00,2021-12-06 21:30:00,13.5,Mon,2021-12-06
800,2021-12-07 08:00:00,2021-12-07 19:00:00,11.0,Tue,2021-12-07
801,2021-12-08 08:00:00,2021-12-08 18:00:00,10.0,Wed,2021-12-08
802,2021-12-09 08:00:00,2021-12-09 17:30:00,9.5,Thu,2021-12-09
803,2021-12-10 08:00:00,2021-12-10 18:00:00,10.0,Fri,2021-12-10
804,2021-12-13 08:00:00,2021-12-13 20:00:00,12.0,Mon,2021-12-13
805,2021-12-14 08:00:00,2021-12-14 18:00:00,10.0,Tue,2021-12-14
806,2021-12-15 08:00:00,2021-12-15 19:00:00,11.0,Wed,2021-12-15
807,2021-12-16 08:00:00,2021-12-16 17:30:00,9.5,Thu,2021-12-16
808,2021-12-17 08:00:00,2021-12-17 17:00:00,9.0,Fri,2021-12-17
809,2021-12-18 15:30:00,2021-12-18 20:30:00,5.0,Sat,2021-12-18
810,2021-12-20 08:00:00,2021-12-20 19:00:00,11.0,Mon,2021-12-20
811,2021-12-21 08:00:00,2021-12-21 18:00:00,10.0,Tue,2021-12-21
812,2021-12-22 08:00:00,2021-12-22 20:00:00,12.0,Wed,2021-12-22
813,2021-12-23 08:00:00,2021-12-23 17:30:00,9.5,Thu,2021-12-23
814,2021-12-27 08:00:00,2021-12-27 20:00:00,12.0,Mon,2021-12-27
815,2021-12-28 08:00:00,2021-12-28 18:30:00,10.5,Tue,2021-12-28
816,2021-12-29 08:00:00,2021-12-29 18:30:00,10.5,Wed,2021-12-29
817,2021-12-30 19:00:00,2021-12-30 20:00:00,1.0,Thu,2021-12-30
818,2022-01-03 08:00:00,2022-01-03 19:00:00,11.0,Mon,2022-01-03
819,2022-01-04 08:00:00,2022-01-04 19:00:00,11.0,Tue,2022-01-04
820,2022-01-05 08:00:00,2022-01-05 17:00:00,9.0,Wed,2022-01-05
821,2022-01-06 08:00:00,2022-01-06 20:00:00,12.0,Thu,2022-01-06
822,2022-01-07 08:00:00,2022-01-07 17:00:00,9.0,Fri,2022-01-07
823,2022-01-08 11:00:00,2022-01-08 15:00:00,4.0,Sat,2022-01-08
824,2022-01-10 08:00:00,2022-01-10 18:00:00,10.0,Mon,2022-01-10
825,2022-01-11 08:00:00,2022-01-11 17:30:00,9.5,Tue,2022-01-11
826,2022-01-12 08:00:00,2022-01-12 21:00:00,13.0,Wed,2022-01-12
827,2022-01-13 08:00:00,2022-01-13 18:00:00,10.0,Thu,2022-01-13
828,2022-01-14 08:00:00,2022-01-14 17:30:00,9.5,Fri,2022-01-14
829,2022-01-17 08:00:00,2022-01-17 19:00:00,11.0,Mon,2022-01-17
830,2022-01-18 08:00:00,2022-01-18 19:30:00,11.5,Tue,2022-01-18
831,2022-01-19 08:00:00,2022-01-19 18:30:00,10.5,Wed,2022-01-19
832,2022-01-20 08:00:00,2022-01-20 20:00:00,12.0,Thu,2022-01-20
833,2022-01-21 08:00:00,2022-01-21 18:00:00,10.0,Fri,2022-01-21
834,2022-01-24 08:00:00,2022-01-24 17:30:00,9.5,Mon,2022-01-24
835,2022-01-25 09:00:00,2022-01-25 20:30:00,11.5,Tue,2022-01-25
836,2022-01-26 08:00:00,2022-01-26 22:00:00,14.0,Wed,2022-01-26
837,2022-01-27 08:00:00,2022-01-27 18:00:00,10.0,Thu,2022-01-27
838,2022-01-28 08:00:00,2022-01-28 18:00:00,10.0,Fri,2022-01-28
839,2022-01-31 08:00:00,2022-01-31 20:00:00,12.0,Mon,2022-01-31
840,2022-02-01 08:00:00,2022-02-01 19:30:00,11.5,Tue,2022-02-01
841,2022-02-02 08:00:00,2022-02-02 18:30:00,10.5,Wed,2022-02-02
842,2022-02-03 08:00:00,2022-02-03 18:00:00,10.0,Thu,2022-02-03
843,2022-02-04 08:00:00,2022-02-04 18:00:00,10.0,Fri,2022-02-04
844,2022-02-05 08:00:00,2022-02-05 13:00:00,5.0,Sat,2022-02-05
845,2022-02-07 08:00:00,2022-02-07 18:00:00,10.0,Mon,2022-02-07
846,2022-02-08 08:00:00,2022-02-08 19:00:00,11.0,Tue,2022-02-08
847,2022-02-09 08:00:00,2022-02-09 18:00:00,10.0,Wed,2022-02-09
848,2022-02-10 08:00:00,2022-02-10 19:30:00,11.5,Thu,2022-02-10
849,2022-02-11 08:00:00,2022-02-11 18:00:00,10.0,Fri,2022-02-11
850,2022-02-12 09:30:00,2022-02-12 12:00:00,2.5,Sat,2022-02-12
851,2022-02-14 08:00:00,2022-02-14 18:00:00,10.0,Mon,2022-02-14
852,2022-02-15 08:00:00,2022-02-15 20:00:00,12.0,Tue,2022-02-15
853,2022-02-16 08:00:00,2022-02-16 18:00:00,10.0,Wed,2022-02-16
854,2022-02-17 08:00:00,2022-02-17 18:00:00,10.0,Thu,2022-02-17
855,2022-02-18 08:00:00,2022-02-18 18:30:00,10.5,Fri,2022-02-18
856,2022-02-19 09:00:00,2022-02-19 15:30:00,6.5,Sat,2022-02-19
857,2022-02-21 08:00:00,2022-02-21 17:30:00,9.5,Mon,2022-02-21
858,2022-02-22 08:00:00,2022-02-22 18:00:00,10.0,Tue,2022-02-22
859,2022-02-23 08:00:00,2022-02-23 21:00:00,13.0,Wed,2022-02-23
860,2022-02-24 08:00:00,2022-02-24 21:30:00,13.5,Thu,2022-02-24
861,2022-02-25 08:00:00,2022-02-25 17:00:00,9.0,Fri,2022-02-25
862,2022-02-28 08:00:00,2022-02-28 18:00:00,10.0,Mon,2022-02-28
863,2022-03-01 08:00:00,2022-03-01 20:00:00,12.0,Tue,2022-03-01
864,2022-03-02 08:00:00,2022-03-02 17:30:00,9.5,Wed,2022-03-02
865,2022-03-03 08:00:00,2022-03-03 19:00:00,11.0,Thu,2022-03-03
866,2022-03-07 19:30:00,2022-03-07 22:00:00,2.5,Mon,2022-03-07
867,2022-03-08 08:00:00,2022-03-08 18:00:00,10.0,Tue,2022-03-08
868,2022-03-09 08:00:00,2022-03-09 18:30:00,10.5,Wed,2022-03-09
869,2022-03-10 08:00:00,2022-03-10 18:00:00,10.0,Thu,2022-03-10
870,2022-03-11 08:00:00,2022-03-11 18:00:00,10.0,Fri,2022-03-11
871,2022-03-12 17:30:00,2022-03-12 21:00:00,3.5,Sat,2022-03-12
872,2022-03-14 08:00:00,2022-03-14 20:30:00,12.5,Mon,2022-03-14
873,2022-03-15 08:00:00,2022-03-15 19:30:00,11.5,Tue,2022-03-15
874,2022-03-16 08:00:00,2022-03-16 18:00:00,10.0,Wed,2022-03-16
875,2022-03-17 08:00:00,2022-03-17 17:30:00,9.5,Thu,2022-03-17
876,2022-03-18 08:00:00,2022-03-18 18:00:00,10.0,Fri,2022-03-18
877,2022-03-19 15:00:00,2022-03-19 16:30:00,1.5,Sat,2022-03-19
878,2022-03-21 08:00:00,2022-03-21 18:00:00,10.0,Mon,2022-03-21
879,2022-03-22 08:00:00,2022-03-22 20:00:00,12.0,Tue,2022-03-22
880,2022-03-23 08:00:00,2022-03-23 19:00:00,11.0,Wed,2022-03-23
881,2022-03-24 08:00:00,2022-03-24 18:00:00,10.0,Thu,2022-03-24
882,2022-03-25 08:00:00,2022-03-25 18:00:00,10.0,Fri,2022-03-25
883,2022-03-26 19:00:00,2022-03-26 20:00:00,1.0,Sat,2022-03-26
884,2022-03-28 08:00:00,2022-03-28 20:30:00,12.5,Mon,2022-03-28
885,2022-03-29 08:00:00,2022-03-29 21:30:00,13.5,Tue,2022-03-29
886,2022-03-30 08:00:00,2022-03-30 18:00:00,10.0,Wed,2022-03-30
887,2022-03-31 08:00:00,2022-03-31 20:00:00,12.0,Thu,2022-03-31
888,2022-04-01 08:00:00,2022-04-01 18:00:00,10.0,Fri,2022-04-01
889,2022-04-03 16:00:00,2022-04-03 17:00:00,1.0,Sun,2022-04-03
890,2022-04-04 08:00:00,2022-04-04 18:00:00,10.0,Mon,2022-04-04
891,2022-04-05 08:00:00,2022-04-05 20:30:00,12.5,Tue,2022-04-05
892,2022-04-06 08:00:00,2022-04-06 19:00:00,11.0,Wed,2022-04-06
893,2022-04-07 08:00:00,2022-04-07 17:30:00,9.5,Thu,2022-04-07
894,2022-04-08 08:00:00,2022-04-08 18:00:00,10.0,Fri,2022-04-08
895,2022-04-11 08:00:00,2022-04-11 18:30:00,10.5,Mon,2022-04-11
896,2022-04-12 08:00:00,2022-04-12 18:00:00,10.0,Tue,2022-04-12
897,2022-04-13 08:00:00,2022-04-13 19:30:00,11.5,Wed,2022-04-13
898,2022-04-14 08:00:00,2022-04-14 18:00:00,10.0,Thu,2022-04-14
899,2022-04-15 08:00:00,2022-04-15 18:00:00,10.0,Fri,2022-04-15
900,2022-04-18 08:00:00,2022-04-18 20:30:00,12.5,Mon,2022-04-18
901,2022-04-19 08:00:00,2022-04-19 17:30:00,9.5,Tue,2022-04-19
902,2022-04-20 08:00:00,2022-04-20 18:30:00,10.5,Wed,2022-04-20
903,2022-04-21 08:00:00,2022-04-21 20:30:00,12.5,Thu,2022-04-21
904,2022-04-22 08:00:00,2022-04-22 19:00:00,11.0,Fri,2022-04-22
905,2022-04-25 08:00:00,2022-04-25 19:00:00,11.0,Mon,2022-04-25
906,2022-04-26 08:00:00,2022-04-26 19:30:00,11.5,Tue,2022-04-26
907,2022-04-27 08:00:00,2022-04-27 18:30:00,10.5,Wed,2022-04-27
908,2022-04-28 08:00:00,2022-04-28 19:30:00,11.5,Thu,2022-04-28
909,2022-04-29 08:00:00,2022-04-29 17:30:00,9.5,Fri,2022-04-29
910,2022-05-01 18:00:00,2022-05-01 19:30:00,1.5,Sun,2022-05-01
911,2022-05-02 08:00:00,2022-05-02 18:00:00,10.0,Mon,2022-05-02
912,2022-05-03 08:00:00,2022-05-03 18:00:00,10.0,Tue,2022-05-03
913,2022-05-04 08:00:00,2022-05-04 20:30:00,12.5,Wed,2022-05-04
914,2022-05-05 08:00:00,2022-05-05 21:00:00,13.0,Thu,2022-05-05
915,2022-05-06 08:00:00,2022-05-06 19:30:00,11.5,Fri,2022-05-06
916,2022-05-07 18:00:00,2022-05-07 21:00:00,3.0,Sat,2022-05-07
917,2022-05-09 08:00:00,2022-05-09 18:30:00,10.5,Mon,2022-05-09
918,2022-05-10 08:00:00,2022-05-10 20:30:00,12.5,Tue,2022-05-10
919,2022-05-11 08:00:00,2022-05-11 18:00:00,10.0,Wed,2022-05-11
920,2022-05-12 08:00:00,2022-05-12 19:00:00,11.0,Thu,2022-05-12
921,2022-05-13 08:00:00,2022-05-13 18:00:00,10.0,Fri,2022-05-13
922,2022-05-16 08:00:00,2022-05-16 20:00:00,12.0,Mon,2022-05-16
923,2022-05-17 08:00:00,2022-05-17 18:30:00,10.5,Tue,2022-05-17
924,2022-05-18 08:00:00,2022-05-18 19:30:00,11.5,Wed,2022-05-18
925,2022-05-19 08:00:00,2022-05-19 19:00:00,11.0,Thu,2022-05-19
926,2022-05-20 08:00:00,2022-05-20 18:00:00,10.0,Fri,2022-05-20
927,2022-05-22 16:30:00,2022-05-22 17:00:00,0.5,Sun,2022-05-22
928,2022-05-23 08:00:00,2022-05-23 20:30:00,12.5,Mon,2022-05-23
929,2022-05-24 08:00:00,2022-05-24 21:00:00,13.0,Tue,2022-05-24
930,2022-05-25 08:00:00,2022-05-25 19:00:00,11.0,Wed,2022-05-25
931,2022-05-26 08:00:00,2022-05-26 18:00:00,10.0,Thu,2022-05-26
932,2022-05-27 08:00:00,2022-05-27 18:00:00,10.0,Fri,2022-05-27
933,2022-05-30 08:00:00,2022-05-30 19:30:00,11.5,Mon,2022-05-30
934,2022-05-31 08:00:00,2022-05-31 18:00:00,10.0,Tue,2022-05-31
935,2022-06-01 08:00:00,2022-06-01 17:30:00,9.5,Wed,2022-06-01
936,2022-06-02 08:00:00,2022-06-02 21:30:00,13.5,Thu,2022-06-02
937,2022-06-03 08:00:00,2022-06-03 18:00:00,10.0,Fri,2022-06-03
938,2022-06-04 09:30:00,2022-06-04 15:00:00,5.5,Sat,2022-06-04
939,2022-06-06 08:00:00,2022-06-06 18:30:00,10.5,Mon,2022-06-06
940,2022-06-07 08:00:00,2022-06-07 19:00:00,11.0,Tue,2022-06-07
941,2022-06-08 08:00:00,2022-06-08 18:00:00,10.0,Wed,2022-06-08
942,2022-06-09 08:00:00,2022-06-09 19:30:00,11.5,Thu,2022-06-09
943,2022-06-10 08:00:00,2022-06-10 21:00:00,13.0,Fri,2022-06-10
944,2022-06-11 16:00:00,2022-06-11 18:30:00,2.5,Sat,2022-06-11
945,2022-06-13 08:00:00,2022-06-13 20:00:00,12.0,Mon,2022-06-13
946,2022-06-14 08:00:00,2022-06-14 18:00:00,10.0,Tue,2022-06-14
947,2022-06-15 08:00:00,2022-06-15 18:00:00,10.0,Wed,2022-06-15
948,2022-06-16 08:00:00,2022-06-16 18:00:00,10.0,Thu,2022-06-16
949,2022-06-20 08:00:00,2022-06-20 21:30:00,13.5,Mon,2022-06-20
950,2022-06-21 08:00:00,2022-06-21 22:30:00,14.5,Tue,2022-06-21
951,2022-06-22 08:00:00,2022-06-22 21:00:00,13.0,Wed,2022-06-22
952,2022-06-23 08:00:00,2022-06-23 21:00:00,13.0,Thu,2022-06-23
953,2022-06-24 08:00:00,2022-06-24 18:00:00,10.0,Fri,2022-06-24
954,2022-06-25 12:30:00,2022-06-25 13:30:00,1.0,Sat,2022-06-25
955,2022-06-27 08:00:00,2022-06-27 20:00:00,12.0,Mon,2022-06-27
956,2022-06-28 08:00:00,2022-06-28 18:00:00,10.0,Tue,2022-06-28
957,2022-06-29 08:00:00,2022-06-29 20:30:00,12.5,Wed,2022-06-29
958,2022-06-30 08:00:00,2022-06-30 18:00:00,10.0,Thu,2022-06-30
959,2022-06-30 08:00:00,2022-06-30 18:00:00,10.0,Thu,2022-06-30
960,2022-07-01 08:00:00,2022-07-01 20:30:00,12.5,Fri,2022-07-01
961,2022-07-02 09:00:00,2022-07-02 16:00:00,7.0,Sat,2022-07-02
962,2022-07-04 09:00:00,2022-07-04 12:30:00,3.5,Mon,2022-07-04
963,2022-07-05 08:00:00,2022-07-05 18:00:00,10.0,Tue,2022-07-05
964,2022-07-06 08:00:00,2022-07-06 17:30:00,9.5,Wed,2022-07-06
965,2022-07-07 08:00:00,2022-07-07 18:00:00,10.0,Thu,2022-07-07
966,2022-07-08 08:00:00,2022-07-08 18:00:00,10.0,Fri,2022-07-08
967,2022-07-11 08:00:00,2022-07-11 19:00:00,11.0,Mon,2022-07-11
968,2022-07-12 08:00:00,2022-07-12 19:00:00,11.0,Tue,2022-07-12
969,2022-07-13 08:00:00,2022-07-13 17:30:00,9.5,Wed,2022-07-13
970,2022-07-14 08:00:00,2022-07-14 17:30:00,9.5,Thu,2022-07-14
971,2022-07-15 08:00:00,2022-07-15 18:00:00,10.0,Fri,2022-07-15
972,2022-07-16 09:00:00,2022-07-16 12:30:00,3.5,Sat,2022-07-16
973,2022-07-18 08:00:00,2022-07-18 20:30:00,12.5,Mon,2022-07-18
974,2022-07-19 08:00:00,2022-07-19 20:00:00,12.0,Tue,2022-07-19
975,2022-07-20 08:00:00,2022-07-20 17:30:00,9.5,Wed,2022-07-20
976,2022-07-21 08:00:00,2022-07-21 18:00:00,10.0,Thu,2022-07-21
977,2022-07-22 08:00:00,2022-07-22 18:00:00,10.0,Fri,2022-07-22
978,2022-07-23 14:00:00,2022-07-23 20:00:00,6.0,Sat,2022-07-23
979,2022-07-25 08:00:00,2022-07-25 18:30:00,10.5,Mon,2022-07-25
980,2022-07-26 08:00:00,2022-07-26 14:00:00,6.0,Tue,2022-07-26
981,2022-07-27 08:00:00,2022-07-27 18:00:00,10.0,Wed,2022-07-27
982,2022-07-28 08:00:00,2022-07-28 20:30:00,12.5,Thu,2022-07-28
983,2022-07-29 08:00:00,2022-07-29 18:00:00,10.0,Fri,2022-07-29
984,2022-08-01 08:00:00,2022-08-01 21:30:00,13.5,Mon,2022-08-01
985,2022-08-02 08:00:00,2022-08-02 21:30:00,13.5,Tue,2022-08-02
986,2022-08-03 08:00:00,2022-08-03 18:00:00,10.0,Wed,2022-08-03
987,2022-08-04 08:00:00,2022-08-04 19:30:00,11.5,Thu,2022-08-04
988,2022-08-05 08:00:00,2022-08-05 18:00:00,10.0,Fri,2022-08-05
989,2022-08-08 08:00:00,2022-08-08 18:00:00,10.0,Mon,2022-08-08
990,2022-08-09 08:00:00,2022-08-09 18:00:00,10.0,Tue,2022-08-09
991,2022-08-10 08:00:00,2022-08-10 21:00:00,13.0,Wed,2022-08-10
992,2022-08-11 08:00:00,2022-08-11 20:00:00,12.0,Thu,2022-08-11
993,2022-08-12 08:00:00,2022-08-12 17:00:00,9.0,Fri,2022-08-12
994,2022-08-15 08:00:00,2022-08-15 18:30:00,10.5,Mon,2022-08-15
995,2022-08-16 08:00:00,2022-08-16 20:00:00,12.0,Tue,2022-08-16
996,2022-08-17 08:00:00,2022-08-17 19:30:00,11.5,Wed,2022-08-17
997,2022-08-18 08:00:00,2022-08-18 17:00:00,9.0,Thu,2022-08-18
998,2022-08-19 08:00:00,2022-08-19 17:30:00,9.5,Fri,2022-08-19
999,2022-08-20 17:00:00,2022-08-20 20:00:00,3.0,Sat,2022-08-20
1000,2022-08-22 08:00:00,2022-08-22 21:30:00,13.5,Mon,2022-08-22
1001,2022-08-23 08:00:00,2022-08-23 18:00:00,10.0,Tue,2022-08-23
1002,2022-08-24 08:00:00,2022-08-24 18:30:00,10.5,Wed,2022-08-24
1003,2022-08-25 08:00:00,2022-08-25 18:30:00,10.5,Thu,2022-08-25
1004,2022-08-26 08:00:00,2022-08-26 20:00:00,12.0,Fri,2022-08-26
1005,2022-08-29 08:00:00,2022-08-29 20:00:00,12.0,Mon,2022-08-29
1006,2022-08-30 08:00:00,2022-08-30 18:00:00,10.0,Tue,2022-08-30
1007,2022-08-31 08:00:00,2022-08-31 18:30:00,10.5,Wed,2022-08-31
1008,2022-09-01 08:00:00,2022-09-01 19:00:00,11.0,Thu,2022-09-01
1009,2022-09-02 08:00:00,2022-09-02 18:00:00,10.0,Fri,2022-09-02
1010,2022-09-05 08:00:00,2022-09-05 19:00:00,11.0,Mon,2022-09-05
1011,2022-09-06 08:00:00,2022-09-06 17:30:00,9.5,Tue,2022-09-06
1012,2022-09-07 08:00:00,2022-09-07 17:30:00,9.5,Wed,2022-09-07
1013,2022-09-08 08:00:00,2022-09-08 20:30:00,12.5,Thu,2022-09-08
1014,2022-09-09 08:00:00,2022-09-09 17:00:00,9.0,Fri,2022-09-09
1015,2022-09-12 08:00:00,2022-09-12 20:30:00,12.5,Mon,2022-09-12
1016,2022-09-13 08:00:00,2022-09-13 18:30:00,10.5,Tue,2022-09-13
1017,2022-09-14 08:00:00,2022-09-14 20:30:00,12.5,Wed,2022-09-14
1018,2022-09-15 08:00:00,2022-09-15 18:30:00,10.5,Thu,2022-09-15
1019,2022-09-16 08:00:00,2022-09-16 18:00:00,10.0,Fri,2022-09-16
1020,2022-09-19 08:00:00,2022-09-19 18:00:00,10.0,Mon,2022-09-19
1021,2022-09-20 08:00:00,2022-09-20 18:00:00,10.0,Tue,2022-09-20
1022,2022-09-21 08:00:00,2022-09-21 21:00:00,13.0,Wed,2022-09-21
1023,2022-09-22 08:00:00,2022-09-22 21:00:00,13.0,Thu,2022-09-22
1024,2022-09-23 08:00:00,2022-09-23 18:00:00,10.0,Fri,2022-09-23
1025,2022-09-26 08:00:00,2022-09-26 20:00:00,12.0,Mon,2022-09-26
1026,2022-09-27 08:00:00,2022-09-27 18:30:00,10.5,Tue,2022-09-27
1027,2022-10-03 08:00:00,2022-10-03 18:00:00,10.0,Mon,2022-10-03
1028,2022-10-04 08:00:00,2022-10-04 18:00:00,10.0,Tue,2022-10-04
1029,2022-10-05 08:00:00,2022-10-05 16:30:00,8.5,Wed,2022-10-05
1030,2022-10-06 08:00:00,2022-10-06 18:00:00,10.0,Thu,2022-10-06
1031,2022-10-07 08:00:00,2022-10-07 18:00:00,10.0,Fri,2022-10-07
1032,2022-10-10 08:00:00,2022-10-10 18:30:00,10.5,Mon,2022-10-10
1033,2022-10-11 08:00:00,2022-10-11 19:00:00,11.0,Tue,2022-10-11
1034,2022-10-12 08:00:00,2022-10-12 18:00:00,10.0,Wed,2022-10-12
1035,2022-10-13 08:00:00,2022-10-13 18:00:00,10.0,Thu,2022-10-13
1036,2022-10-14 08:00:00,2022-10-14 18:00:00,10.0,Fri,2022-10-14
1037,2022-10-17 08:00:00,2022-10-17 19:30:00,11.5,Mon,2022-10-17
1038,2022-10-18 08:00:00,2022-10-18 16:30:00,8.5,Tue,2022-10-18
1039,2022-10-24 08:00:00,2022-10-24 20:00:00,12.0,Mon,2022-10-24
1040,2022-10-25 08:00:00,2022-10-25 18:00:00,10.0,Tue,2022-10-25
1041,2022-10-26 08:00:00,2022-10-26 18:30:00,10.5,Wed,2022-10-26
1042,2022-10-27 08:00:00,2022-10-27 21:30:00,13.5,Thu,2022-10-27
1043,2022-10-28 08:30:00,2022-10-28 18:00:00,9.5,Fri,2022-10-28
1044,2022-10-31 08:00:00,2022-10-31 20:00:00,12.0,Mon,2022-10-31
1045,2022-11-01 08:30:00,2022-11-01 20:00:00,11.5,Tue,2022-11-01
1046,2022-11-02 08:30:00,2022-11-02 18:00:00,9.5,Wed,2022-11-02
1047,2022-11-03 08:00:00,2022-11-03 18:00:00,10.0,Thu,2022-11-03
1048,2022-11-04 08:00:00,2022-11-04 18:00:00,10.0,Fri,2022-11-04
1049,2022-11-05 19:30:00,2022-11-05 21:30:00,2.0,Sat,2022-11-05
1050,2022-11-06 09:00:00,2022-11-06 11:00:00,2.0,Sun,2022-11-06
1051,2022-11-07 08:00:00,2022-11-07 19:00:00,11.0,Mon,2022-11-07
1052,2022-11-08 08:00:00,2022-11-08 16:00:00,8.0,Tue,2022-11-08
1053,2022-11-09 08:00:00,2022-11-09 19:30:00,11.5,Wed,2022-11-09
1054,2022-11-10 08:00:00,2022-11-10 19:00:00,11.0,Thu,2022-11-10
1055,2022-11-11 08:00:00,2022-11-11 18:30:00,10.5,Fri,2022-11-11
1056,2022-11-14 08:00:00,2022-11-14 18:30:00,10.5,Mon,2022-11-14
1057,2022-11-15 08:00:00,2022-11-15 18:30:00,10.5,Tue,2022-11-15
1058,2022-11-16 08:00:00,2022-11-16 20:30:00,12.5,Wed,2022-11-16
1059,2022-11-17 08:00:00,2022-11-17 18:00:00,10.0,Thu,2022-11-17
1060,2022-11-18 08:00:00,2022-11-18 18:00:00,10.0,Fri,2022-11-18
1061,2022-11-19 11:00:00,2022-11-19 14:30:00,3.5,Sat,2022-11-19
1062,2022-11-21 08:00:00,2022-11-21 19:30:00,11.5,Mon,2022-11-21
1063,2022-11-22 08:00:00,2022-11-22 18:00:00,10.0,Tue,2022-11-22
1064,2022-11-23 08:00:00,2022-11-23 18:30:00,10.5,Wed,2022-11-23
1065,2022-11-25 08:00:00,2022-11-25 18:30:00,10.5,Fri,2022-11-25
1066,2022-11-28 08:00:00,2022-11-28 18:00:00,10.0,Mon,2022-11-28
1067,2022-11-29 08:00:00,2022-11-29 18:00:00,10.0,Tue,2022-11-29
1068,2022-11-30 08:00:00,2022-11-30 20:00:00,12.0,Wed,2022-11-30
1069,2022-12-01 08:00:00,2022-12-01 18:00:00,10.0,Thu,2022-12-01
1070,2022-12-02 08:00:00,2022-12-02 18:00:00,10.0,Fri,2022-12-02
1071,2022-12-03 18:00:00,2022-12-03 21:00:00,3.0,Sat,2022-12-03
1072,2022-12-05 08:00:00,2022-12-05 19:30:00,11.5,Mon,2022-12-05
1073,2022-12-06 08:00:00,2022-12-06 19:30:00,11.5,Tue,2022-12-06
1074,2022-12-07 08:00:00,2022-12-07 19:30:00,11.5,Wed,2022-12-07
1075,2022-12-08 08:00:00,2022-12-08 18:00:00,10.0,Thu,2022-12-08
1076,2022-12-09 08:00:00,2022-12-09 17:00:00,9.0,Fri,2022-12-09
1077,2022-12-12 08:00:00,2022-12-12 21:30:00,13.5,Mon,2022-12-12
1078,2022-12-13 08:00:00,2022-12-13 21:00:00,13.0,Tue,2022-12-13
1079,2022-12-14 08:00:00,2022-12-14 20:30:00,12.5,Wed,2022-12-14
1080,2022-12-15 08:00:00,2022-12-15 18:00:00,10.0,Thu,2022-12-15
1081,2022-12-16 08:00:00,2022-12-16 18:00:00,10.0,Fri,2022-12-16
1082,2022-12-19 08:00:00,2022-12-19 21:00:00,13.0,Mon,2022-12-19
1083,2022-12-20 08:00:00,2022-12-20 18:30:00,10.5,Tue,2022-12-20
1084,2022-12-21 08:00:00,2022-12-21 18:00:00,10.0,Wed,2022-12-21
1085,2022-12-22 08:00:00,2022-12-22 18:00:00,10.0,Thu,2022-12-22
1086,2022-12-23 08:00:00,2022-12-23 18:00:00,10.0,Fri,2022-12-23
1087,2022-12-26 08:00:00,2022-12-26 20:00:00,12.0,Mon,2022-12-26
1088,2022-12-27 09:00:00,2022-12-27 18:30:00,9.5,Tue,2022-12-27
1089,2022-12-28 08:00:00,2022-12-28 18:00:00,10.0,Wed,2022-12-28
1090,2022-12-29 08:00:00,2022-12-29 19:00:00,11.0,Thu,2022-12-29
1091,2022-12-30 08:00:00,2022-12-30 18:00:00,10.0,Fri,2022-12-30
1092,2023-01-02 08:00:00,2023-01-02 19:00:00,11.0,Mon,2023-01-02
1093,2023-01-03 08:00:00,2023-01-03 18:00:00,10.0,Tue,2023-01-03
1094,2023-01-04 08:00:00,2023-01-04 18:00:00,10.0,Wed,2023-01-04
1095,2023-01-05 08:00:00,2023-01-05 19:00:00,11.0,Thu,2023-01-05
1096,2023-01-06 09:30:00,2023-01-06 18:30:00,9.0,Fri,2023-01-06
1097,2023-01-08 19:00:00,2023-01-08 20:00:00,1.0,Sun,2023-01-08
1098,2023-01-09 08:00:00,2023-01-09 20:30:00,12.5,Mon,2023-01-09
1099,2023-01-10 08:00:00,2023-01-10 18:00:00,10.0,Tue,2023-01-10
1100,2023-01-11 08:00:00,2023-01-11 18:30:00,10.5,Wed,2023-01-11
1101,2023-01-12 08:00:00,2023-01-12 19:30:00,11.5,Thu,2023-01-12
1102,2023-01-13 08:00:00,2023-01-13 18:00:00,10.0,Fri,2023-01-13
1103,2023-01-16 08:00:00,2023-01-16 19:30:00,11.5,Mon,2023-01-16
1104,2023-01-17 08:00:00,2023-01-17 18:30:00,10.5,Tue,2023-01-17
1105,2023-01-18 08:00:00,2023-01-18 18:00:00,10.0,Wed,2023-01-18
1106,2023-01-19 08:00:00,2023-01-19 18:00:00,10.0,Thu,2023-01-19
1107,2023-01-20 08:00:00,2023-01-20 18:00:00,10.0,Fri,2023-01-20
1108,2023-01-21 13:30:00,2023-01-21 17:30:00,4.0,Sat,2023-01-21
1109,2023-01-23 08:00:00,2023-01-23 21:00:00,13.0,Mon,2023-01-23
1110,2023-01-25 08:00:00,2023-01-25 18:00:00,10.0,Wed,2023-01-25
1111,2023-01-26 08:00:00,2023-01-26 18:00:00,10.0,Thu,2023-01-26
1112,2023-01-31 08:00:00,2023-01-31 21:00:00,13.0,Tue,2023-01-31
1113,2023-02-01 08:00:00,2023-02-01 20:00:00,12.0,Wed,2023-02-01
1114,2023-02-02 08:00:00,2023-02-02 20:00:00,12.0,Thu,2023-02-02
1115,2023-02-03 08:00:00,2023-02-03 18:00:00,10.0,Fri,2023-02-03
1116,2023-02-06 08:00:00,2023-02-06 20:30:00,12.5,Mon,2023-02-06
1117,2023-02-07 08:00:00,2023-02-07 20:30:00,12.5,Tue,2023-02-07
1118,2023-02-08 08:00:00,2023-02-08 21:00:00,13.0,Wed,2023-02-08
1119,2023-02-09 08:00:00,2023-02-09 18:30:00,10.5,Thu,2023-02-09
1120,2023-02-10 08:00:00,2023-02-10 17:30:00,9.5,Fri,2023-02-10
1121,2023-02-13 08:00:00,2023-02-13 21:30:00,13.5,Mon,2023-02-13
1122,2023-02-14 08:00:00,2023-02-14 17:30:00,9.5,Tue,2023-02-14
1123,2023-02-15 08:00:00,2023-02-15 18:00:00,10.0,Wed,2023-02-15
1124,2023-02-16 08:00:00,2023-02-16 19:30:00,11.5,Thu,2023-02-16
1125,2023-02-17 08:00:00,2023-02-17 18:00:00,10.0,Fri,2023-02-17
1126,2023-02-20 08:00:00,2023-02-20 19:00:00,11.0,Mon,2023-02-20
1127,2023-02-21 08:00:00,2023-02-21 19:30:00,11.5,Tue,2023-02-21
1128,2023-02-22 08:00:00,2023-02-22 18:00:00,10.0,Wed,2023-02-22
1129,2023-02-23 08:00:00,2023-02-23 19:00:00,11.0,Thu,2023-02-23
1130,2023-02-24 08:00:00,2023-02-24 18:00:00,10.0,Fri,2023-02-24
1131,2023-02-25 13:00:00,2023-02-25 15:00:00,2.0,Sat,2023-02-25
1132,2023-02-27 08:00:00,2023-02-27 20:00:00,12.0,Mon,2023-02-27
1133,2023-02-28 08:00:00,2023-02-28 17:30:00,9.5,Tue,2023-02-28
1134,2023-03-01 08:00:00,2023-03-01 20:30:00,12.5,Wed,2023-03-01
1135,2023-03-02 08:00:00,2023-03-02 18:00:00,10.0,Thu,2023-03-02
1136,2023-03-08 08:00:00,2023-03-08 21:30:00,13.5,Wed,2023-03-08
1137,2023-03-09 08:00:00,2023-03-09 18:00:00,10.0,Thu,2023-03-09
1138,2023-03-10 08:00:00,2023-03-10 17:00:00,9.0,Fri,2023-03-10
1139,2023-03-13 08:00:00,2023-03-13 18:00:00,10.0,Mon,2023-03-13
1140,2023-03-14 08:00:00,2023-03-14 18:00:00,10.0,Tue,2023-03-14
1141,2023-03-15 08:00:00,2023-03-15 19:00:00,11.0,Wed,2023-03-15
1142,2023-03-16 08:00:00,2023-03-16 20:30:00,12.5,Thu,2023-03-16
1143,2023-03-17 08:00:00,2023-03-17 17:30:00,9.5,Fri,2023-03-17
1144,2023-03-18 18:00:00,2023-03-18 20:30:00,2.5,Sat,2023-03-18
1145,2023-03-20 08:00:00,2023-03-20 18:30:00,10.5,Mon,2023-03-20
1146,2023-03-21 08:00:00,2023-03-21 18:00:00,10.0,Tue,2023-03-21
1147,2023-03-22 08:00:00,2023-03-22 20:30:00,12.5,Wed,2023-03-22
1148,2023-03-23 08:00:00,2023-03-23 20:30:00,12.5,Thu,2023-03-23
1149,2023-03-24 08:00:00,2023-03-24 18:00:00,10.0,Fri,2023-03-24
1150,2023-03-27 08:00:00,2023-03-27 17:30:00,9.5,Mon,2023-03-27
1151,2023-03-28 08:00:00,2023-03-28 19:30:00,11.5,Tue,2023-03-28
1152,2023-03-29 08:00:00,2023-03-29 18:00:00,10.0,Wed,2023-03-29
1153,2023-03-30 08:00:00,2023-03-30 19:30:00,11.5,Thu,2023-03-30
1154,2023-03-31 08:00:00,2023-03-31 18:30:00,10.5,Fri,2023-03-31
1155,2023-04-03 08:00:00,2023-04-03 19:30:00,11.5,Mon,2023-04-03
1156,2023-04-04 08:00:00,2023-04-04 18:00:00,10.0,Tue,2023-04-04
1157,2023-04-05 08:00:00,2023-04-05 18:30:00,10.5,Wed,2023-04-05
1158,2023-04-06 08:00:00,2023-04-06 18:00:00,10.0,Thu,2023-04-06
1159,2023-04-07 08:00:00,2023-04-07 18:00:00,10.0,Fri,2023-04-07
1160,2023-04-08 12:00:00,2023-04-08 14:00:00,2.0,Sat,2023-04-08
1161,2023-04-10 08:00:00,2023-04-10 19:30:00,11.5,Mon,2023-04-10
1162,2023-04-11 08:00:00,2023-04-11 18:00:00,10.0,Tue,2023-04-11
1163,2023-04-12 08:00:00,2023-04-12 19:00:00,11.0,Wed,2023-04-12
1164,2023-04-13 08:00:00,2023-04-13 18:30:00,10.5,Thu,2023-04-13
1165,2023-04-14 08:00:00,2023-04-14 18:00:00,10.0,Fri,2023-04-14
1166,2023-04-15 12:30:00,2023-04-15 14:30:00,2.0,Sat,2023-04-15
1167,2023-04-17 09:30:00,2023-04-17 18:30:00,9.0,Mon,2023-04-17
1168,2023-04-18 08:00:00,2023-04-18 18:00:00,10.0,Tue,2023-04-18
1169,2023-04-19 08:00:00,2023-04-19 23:00:00,15.0,Wed,2023-04-19
1170,2023-04-20 08:00:00,2023-04-20 19:00:00,11.0,Thu,2023-04-20
1171,2023-04-21 08:00:00,2023-04-21 20:00:00,12.0,Fri,2023-04-21
1172,2023-04-24 08:00:00,2023-04-24 19:00:00,11.0,Mon,2023-04-24
1173,2023-04-25 08:00:00,2023-04-25 17:00:00,9.0,Tue,2023-04-25
1174,2023-04-26 08:00:00,2023-04-26 21:30:00,13.5,Wed,2023-04-26
1175,2023-04-27 08:00:00,2023-04-27 18:00:00,10.0,Thu,2023-04-27
1176,2023-04-28 08:00:00,2023-04-29 00:00:00,16.0,Fri,2023-04-28
1177,2023-04-29 10:00:00,2023-04-29 11:00:00,1.0,Sat,2023-04-29
1178,2023-05-01 08:00:00,2023-05-01 18:00:00,10.0,Mon,2023-05-01
1179,2023-05-02 08:00:00,2023-05-02 01:00:00,17.0,Tue,2023-05-02
1180,2023-05-03 08:00:00,2023-05-03 19:30:00,11.5,Wed,2023-05-03
1181,2023-05-04 08:00:00,2023-05-04 21:00:00,13.0,Thu,2023-05-04
1182,2023-05-05 08:00:00,2023-05-05 20:00:00,12.0,Fri,2023-05-05
1183,2023-05-08 08:00:00,2023-05-08 18:00:00,10.0,Mon,2023-05-08
1184,2023-05-09 08:00:00,2023-05-09 19:30:00,11.5,Tue,2023-05-09
1185,2023-05-10 08:00:00,2023-05-10 20:30:00,12.5,Wed,2023-05-10
1186,2023-05-11 08:00:00,2023-05-11 20:30:00,12.5,Thu,2023-05-11
1187,2023-05-12 08:00:00,2023-05-12 17:30:00,9.5,Fri,2023-05-12
1188,2023-05-15 08:00:00,2023-05-15 18:00:00,10.0,Mon,2023-05-15
1189,2023-05-16 08:00:00,2023-05-16 18:00:00,10.0,Tue,2023-05-16
1190,2023-05-17 08:00:00,2023-05-17 18:00:00,10.0,Wed,2023-05-17
1191,2023-05-18 08:00:00,2023-05-18 18:00:00,10.0,Thu,2023-05-18
1192,2023-05-19 08:00:00,2023-05-19 18:00:00,10.0,Fri,2023-05-19
1193,2023-05-20 11:00:00,2023-05-20 12:00:00,1.0,Sat,2023-05-20
1194,2023-05-22 08:00:00,2023-05-22 18:30:00,10.5,Mon,2023-05-22
1195,2023-05-23 08:00:00,2023-05-23 18:30:00,10.5,Tue,2023-05-23
1196,2023-05-24 08:00:00,2023-05-24 20:30:00,12.5,Wed,2023-05-24
1197,2023-05-25 08:00:00,2023-05-25 19:30:00,11.5,Thu,2023-05-25
1198,2023-05-26 08:00:00,2023-05-26 21:00:00,13.0,Fri,2023-05-26
1199,2023-05-29 08:00:00,2023-05-29 18:00:00,10.0,Mon,2023-05-29
1200,2023-05-30 08:00:00,2023-05-30 20:00:00,12.0,Tue,2023-05-30
1201,2023-05-31 08:00:00,2023-05-31 23:00:00,15.0,Wed,2023-05-31
1202,2023-06-01 08:00:00,2023-06-01 17:30:00,9.5,Thu,2023-06-01
1203,2023-06-02 08:00:00,2023-06-02 17:00:00,9.0,Fri,2023-06-02
1204,2023-06-04 18:30:00,2023-06-04 22:30:00,4.0,Sun,2023-06-04
1205,2023-06-05 08:00:00,2023-06-05 19:30:00,11.5,Mon,2023-06-05
1206,2023-06-06 08:00:00,2023-06-06 20:30:00,12.5,Tue,2023-06-06
1207,2023-06-07 08:00:00,2023-06-07 17:00:00,9.0,Wed,2023-06-07
1208,2023-06-08 08:00:00,2023-06-08 18:30:00,10.5,Thu,2023-06-08
1209,2023-06-10 13:00:00,2023-06-10 13:30:00,0.5,Sat,2023-06-10
1210,2023-06-13 08:00:00,2023-06-13 18:30:00,10.5,Tue,2023-06-13
1211,2023-06-14 08:00:00,2023-06-14 21:30:00,13.5,Wed,2023-06-14
1212,2023-06-15 08:00:00,2023-06-15 18:30:00,10.5,Thu,2023-06-15
1213,2023-06-16 08:00:00,2023-06-16 16:00:00,8.0,Fri,2023-06-16
1214,2023-06-17 09:00:00,2023-06-17 11:30:00,2.5,Sat,2023-06-17
1215,2023-06-18 12:30:00,2023-06-18 13:30:00,1.0,Sun,2023-06-18
1216,2023-06-19 08:00:00,2023-06-19 19:30:00,11.5,Mon,2023-06-19
1217,2023-06-20 08:00:00,2023-06-20 21:30:00,13.5,Tue,2023-06-20
1218,2023-06-20 08:00:00,2023-06-20 18:00:00,10.0,Tue,2023-06-20
1219,2023-06-21 08:00:00,2023-06-21 17:30:00,9.5,Wed,2023-06-21
1220,2023-06-22 08:00:00,2023-06-22 17:00:00,9.0,Thu,2023-06-22
1221,2023-06-23 08:00:00,2023-06-23 17:30:00,9.5,Fri,2023-06-23
1222,2023-06-26 08:00:00,2023-06-26 18:00:00,10.0,Mon,2023-06-26
1223,2023-06-27 08:00:00,2023-06-27 18:00:00,10.0,Tue,2023-06-27
1224,2023-06-28 08:00:00,2023-06-28 21:30:00,13.5,Wed,2023-06-28
1225,2023-06-29 08:00:00,2023-06-29 18:00:00,10.0,Thu,2023-06-29
1226,2023-06-30 08:00:00,2023-06-30 17:00:00,9.0,Fri,2023-06-30
1227,2023-07-01 09:30:00,2023-07-01 12:30:00,3.0,Sat,2023-07-01
1228,2023-07-03 08:00:00,2023-07-03 17:30:00,9.5,Mon,2023-07-03
1229,2023-07-04 08:00:00,2023-07-04 17:30:00,9.5,Tue,2023-07-04
1230,2023-07-05 08:00:00,2023-07-05 19:00:00,11.0,Wed,2023-07-05
1231,2023-07-06 08:00:00,2023-07-06 18:30:00,10.5,Thu,2023-07-06
1232,2023-07-10 08:00:00,2023-07-10 18:30:00,10.5,Mon,2023-07-10
1233,2023-07-11 08:00:00,2023-07-11 18:00:00,10.0,Tue,2023-07-11
1234,2023-07-12 08:00:00,2023-07-12 16:00:00,8.0,Wed,2023-07-12
1235,2023-07-13 08:00:00,2023-07-13 18:30:00,10.5,Thu,2023-07-13
1236,2023-07-14 08:00:00,2023-07-14 16:00:00,8.0,Fri,2023-07-14
1237,2023-07-15 15:00:00,2023-07-15 16:00:00,1.0,Sat,2023-07-15
1238,2023-07-17 08:00:00,2023-07-17 18:30:00,10.5,Mon,2023-07-17
1240,2023-07-19 08:00:00,2023-07-19 19:30:00,11.5,Wed,2023-07-19
1241,2023-07-20 08:00:00,2023-07-20 19:30:00,11.5,Thu,2023-07-20
1242,2023-07-21 08:00:00,2023-07-21 19:00:00,11.0,Fri,2023-07-21
1243,2023-07-24 08:00:00,2023-07-24 19:30:00,11.5,Mon,2023-07-24
1244,2023-07-25 08:00:00,2023-07-25 22:00:00,14.0,Tue,2023-07-25
1245,2023-07-26 08:00:00,2023-07-26 18:00:00,10.0,Wed,2023-07-26
1246,2023-07-27 08:00:00,2023-07-27 21:00:00,13.0,Thu,2023-07-27
1247,2023-07-28 08:00:00,2023-07-28 19:00:00,11.0,Fri,2023-07-28
1248,2023-07-29 12:00:00,2023-07-29 19:00:00,7.0,Sat,2023-07-29
1249,2023-08-01 08:00:00,2023-08-01 20:30:00,12.5,Tue,2023-08-01
1250,2023-08-02 08:00:00,2023-08-02 19:00:00,11.0,Wed,2023-08-02
1251,2023-08-03 08:00:00,2023-08-03 21:00:00,13.0,Thu,2023-08-03
1252,2023-08-04 08:00:00,2023-08-04 18:30:00,10.5,Fri,2023-08-04
1253,2023-08-07 08:00:00,2023-08-07 15:30:00,7.5,Mon,2023-08-07
1254,2023-08-08 08:00:00,2023-08-08 19:30:00,11.5,Tue,2023-08-08
1255,2023-08-09 08:00:00,2023-08-09 16:30:00,8.5,Wed,2023-08-09
1256,2023-08-10 08:00:00,2023-08-10 17:00:00,9.0,Thu,2023-08-10
1257,2023-08-11 08:00:00,2023-08-11 21:30:00,13.5,Fri,2023-08-11
1258,2023-08-14 08:00:00,2023-08-14 20:30:00,12.5,Mon,2023-08-14
1259,2023-08-15 08:00:00,2023-08-15 19:30:00,11.5,Tue,2023-08-15
1260,2023-08-16 08:00:00,2023-08-16 21:30:00,13.5,Wed,2023-08-16
1261,2023-08-17 08:00:00,2023-08-17 19:30:00,11.5,Thu,2023-08-17
1262,2023-08-18 08:00:00,2023-08-18 18:30:00,10.5,Fri,2023-08-18
1263,2023-08-21 08:00:00,2023-08-21 18:00:00,10.0,Mon,2023-08-21
1264,2023-08-22 08:00:00,2023-08-22 17:30:00,9.5,Tue,2023-08-22
1265,2023-08-23 08:00:00,2023-08-23 19:00:00,11.0,Wed,2023-08-23
1266,2023-08-24 08:00:00,2023-08-24 17:30:00,9.5,Thu,2023-08-24
1267,2023-08-29 08:00:00,2023-08-29 19:30:00,11.5,Tue,2023-08-29
